1. Have you used an AI-powered calculator to solve math problems?,2. What AI-powered calculator/s have you used? (Toggle all that applies),Mathway,Photomath,Symbolab,Wolfram Alpha,Socratic,Maple Calculator,CameraMath,Brilliant,Microsoft Math Solver,MyScript,Not Applicable,Others,3. What AI-powered calculator/s do you usually use? (Toggle all that applies),Mathway,Photomath,Symbolab,Wolfram Alpha,Socratic,Maple Calculator,CameraMath,Brilliant,Microsoft Math Solver,MyScript,Not Applicable,Others,4. How often do you use AI-powered calculators?,5. How long have you been using an AI-powered calculator?,"6. In what specific branch of mathematics do you frequently use an AI-powered
calculator?",Arithmetic,Algebra,Trigonometry,Numerical Methods,Derivatives,Integrals,Differential Equations,Not Applicable,7. How do you solve math problems with simple expressions / equations?,8. How do you solve math problems with complex expressions / equations?,9. Do you think that using AI-powered calculators benefit your math studies?,10. Will you continue using AI-powered calculators to complete math problems?,STATEMENT [I use an AI-powered calculator.],STATEMENT [I think I can effectively do my math tasks with the help of an AI-powered calculator.],STATEMENT [I am confident with my answers when I use an AI-powered calculator.],STATEMENT [I think AI-powered calculators have a negative impact on my learning capability.],STATEMENT [I think AI-powered calculators have a positive impact on my learning capability.],STATEMENT [I think I’m cheating when I use an AI-powered calculator.],STATEMENT [I choose not to study and rely only on AI-powered calculators.]
Yes,Mathway,1,,,,,,,,,,,,Mathway,1,,,,,,,,,,,,1-10 times per month,More than a year,"Algebra, Trigonometry, Derivatives, Differential Equations", ,1,1, ,1, ,1, ,Manual calculation with the aid of AI-powered calculator,Analyze first and try to solve it on my own.,Yes,Yes,3,5,5,3,5,3,1
Yes,"Mathway, Photomath",1,1,,,,,,,,,,,Mathway,1,,,,,,,,,,,,1-10 times per month,Less than 6 months,Derivatives, , , , ,1, , , ,Pure manual calculation,Analyze first and try to solve it on my own.,No,No,2,3,2,3,3,4,1
Yes,Mathway,1,,,,,,,,,,,,"Mathway, Photomath",1,1,,,,,,,,,,,1-10 times per month,6 months - 1 year,"Trigonometry, Derivatives, Integrals, Differential Equations", , ,1, ,1,1,1, ,Pure manual calculation,Use an AI-powered calculator and first understand the given solution.,Yes,Yes,4,4,4,4,3,3,2
Yes,"Mathway, Photomath, Symbolab, Socratic",1,1,1,,1,,,,,,,,"Mathway, Symbolab",1,,1,,,,,,,,,,1-10 times per month,More than a year,"Trigonometry, Derivatives, Integrals, Differential Equations", , ,1, ,1,1,1, ,Manual calculation with the aid of AI-powered calculator,Use an AI-powered calculator and first understand the given solution.,Yes,Yes,3,5,4,3,3,1,1
Yes,"Mathway, Photomath",1,1,,,,,,,,,,,"Mathway, Photomath",1,1,,,,,,,,,,,Once per day,Less than 6 months,"Integrals, Differential Equations", , , , , ,1,1, ,Pure manual calculation,Analyze first and try to solve it on my own.,Yes,No,3,3,3,3,3,3,3
Yes,Mathway,1,,,,,,,,,,,,Not Applicable,,,,,,,,,,,1,,1-10 times per month,More than a year,Trigonometry, , ,1, , , , , ,Pure manual calculation,Analyze first and try to solve it on my own.,Yes,Yes,2,2,1,3,3,2,1
Yes,Photomath,,1,,,,,,,,,,,Photomath,,1,,,,,,,,,,,1-5 times a week,Less than 6 months,"Algebra, Derivatives, Integrals", ,1, , ,1,1, , ,Manual calculation with the aid of AI-powered calculator,Analyze first and try to solve it on my own.,Yes,Yes,4,3,3,2,4,2,1
Yes,Photomath,,1,,,,,,,,,,,Photomath,,1,,,,,,,,,,,1-10 times per month,More than a year,Arithmetic,1, , , , , , , ,Manual calculation with the aid of AI-powered calculator,Use an AI-powered calculator and first understand the given solution.,Yes,Yes,3,5,5,3,5,3,2
No,Calces,,,,,,,,,,,,1,Calces,,,,,,,,,,,,1,Once per day,6 months - 1 year,"Arithmetic, Algebra, Trigonometry",1,1,1, , , , , ,Pure manual calculation,Analyze first and try to solve it on my own.,Yes,Yes,3,4,3,3,3,2,1
Yes,Photomath,,1,,,,,,,,,,,"Mathway, Photomath",1,1,,,,,,,,,,,1-10 times per month,More than a year,"Derivatives, Integrals", , , , ,1,1, , ,Pure manual calculation,Use an AI-powered calculator and first understand the given solution.,Yes,Yes,2,4,3,2,3,2,1
Yes,"Mathway, Photomath, Symbolab",1,1,1,,,,,,,,,,"Mathway, Photomath",1,1,,,,,,,,,,,1-5 times a week,More than a year,"Trigonometry, Derivatives, Integrals, Differential Equations", , ,1, ,1,1,1, ,Manual calculation with the aid of AI-powered calculator,Use an AI-powered calculator and first understand the given solution.,Yes,Yes,3,4,2,3,3,4,3
Yes,"Mathway, Photomath, Symbolab, Wolfram Alpha, Microsoft Math Solver, Chat GPT :)",1,1,1,1,,,,,1,,,1,"Mathway, Photomath",1,1,,,,,,,,,,,1-5 times a week,More than a year,"Trigonometry, Derivatives, Integrals, Differential Equations", , ,1, ,1,1,1, ,Pure manual calculation,Analyze first and try to solve it on my own.,Yes,Yes,5,5,3,3,3,3,1
No,"Mathway, Symbolab,",1,,1,,,,,,,,,,Symbolab,,,1,,,,,,,,,,1-10 times per month,More than a year,Integrals, , , , , ,1, , ,Pure manual calculation,Analyze first and try to solve it on my own.,Yes,No,2,3,2,1,4,3,1
Yes,Photomath,,1,,,,,,,,,,,Photomath,,1,,,,,,,,,,,1-10 times per month,Less than 6 months,Integrals, , , , , ,1, , ,Pure manual calculation,Use an AI-powered calculator and first understand the given solution.,Yes,Yes,2,2,3,3,4,3,1
Yes,"Mathway, Photomath, Symbolab, Socratic, CameraMath, Microsoft Math Solver",1,1,1,,1,,1,,1,,,,"Mathway, Photomath, Symbolab",1,1,1,,,,,,,,,,1-5 times a week,More than a year,"Trigonometry, Derivatives, Integrals, Differential Equations", , ,1, ,1,1,1, ,Manual calculation with the aid of AI-powered calculator,Use an AI-powered calculator and first understand the given solution.,Yes,Yes,5,5,4,2,4,2,1
Yes,"Mathway, Photomath",1,1,,,,,,,,,,,Mathway,1,,,,,,,,,,,,1-5 times a week,6 months - 1 year,"Derivatives, Differential Equations", , , , ,1, ,1, ,Manual calculation with the aid of AI-powered calculator,Use an AI-powered calculator and first understand the given solution.,Yes,Yes,3,3,3,3,2,4,2
Yes,"Mathway, Photomath, Symbolab",1,1,1,,,,,,,,,,"Mathway, Symbolab",1,,1,,,,,,,,,,1-10 times per month,More than a year,"Trigonometry, Derivatives, Integrals", , ,1, ,1,1, , ,Manual calculation with the aid of AI-powered calculator,Use an AI-powered calculator and first understand the given solution.,Yes,Yes,3,4,4,3,3,3,1
Yes,"Mathway, Photomath, Symbolab, Socratic, CameraMath, Microsoft Math Solver",1,1,1,,1,,1,,1,,,,"Mathway, Symbolab",1,,1,,,,,,,,,,1-10 times per month,More than a year,"Algebra, Trigonometry, Derivatives, Integrals, Differential Equations", ,1,1, ,1,1,1, ,Manual calculation with the aid of AI-powered calculator,Use an AI-powered calculator and first understand the given solution.,Yes,Yes,5,5,3,4,3,5,3
Yes,"Mathway, Photomath, Symbolab",1,1,1,,,,,,,,,,"Mathway, Photomath, Symbolab",1,1,1,,,,,,,,,,1-10 times per month,More than a year,"Integrals, Differential Equations", , , , , ,1,1, ,Pure manual calculation,Use an AI-powered calculator and first understand the given solution.,Yes,No,2,3,2,5,5,5,1
Yes,"Mathway, Photomath, Symbolab",1,1,1,,,,,,,,,,"Mathway, Symbolab",1,,1,,,,,,,,,,1-5 times a week,More than a year,"Trigonometry, Derivatives, Integrals", , ,1, ,1,1, , ,Manual calculation with the aid of AI-powered calculator,Use an AI-powered calculator and first understand the given solution.,Yes,Yes,5,3,3,2,3,4,3
Yes,"Photomath, Symbolab",,1,1,,,,,,,,,,Symbolab,,,1,,,,,,,,,,1-10 times per month,Less than 6 months,"Derivatives, Integrals", , , , ,1,1, , ,Pure manual calculation,Analyze first and try to solve it on my own.,Yes,Yes,2,3,3,3,3,4,1
Yes,"Mathway, Photomath, Integral-Calculator.com and Derivative-Calculator.net",1,1,,,,,,,,,,1,Integral-Calculator.com,,,,,,,,,,,,1,1-10 times per month,Less than 6 months,Integrals, , , , , ,1, , ,Manual calculation with the aid of AI-powered calculator,Analyze first and try to solve it on my own.,Yes,Yes,3,3,3,1,4,2,1
Yes,"Mathway, Photomath, Symbolab, Wolfram Alpha",1,1,1,1,,,,,,,,,"Mathway, Symbolab",1,,1,,,,,,,,,,1-5 times a week,More than a year,"Derivatives, Integrals", , , , ,1,1, , ,Pure manual calculation,Analyze first and try to solve it on my own.,Yes,Yes,2,3,3,3,3,3,1
Yes,"Mathway, Symbolab",1,,1,,,,,,,,,,Mathway,1,,,,,,,,,,,,1-10 times per month,6 months - 1 year,"Derivatives, Integrals, Differential Equations", , , , ,1,1,1, ,Manual calculation with the aid of AI-powered calculator,Analyze first and try to solve it on my own.,Yes,No,3,4,3,3,3,3,1
Yes,Mathway,1,,,,,,,,,,,,Mathway,1,,,,,,,,,,,,1-10 times per month,More than a year,"Derivatives, Integrals, Differential Equations", , , , ,1,1,1, ,Manual calculation with the aid of AI-powered calculator,Analyze first and try to solve it on my own.,Yes,Yes,2,3,4,3,3,1,1
Yes,"Mathway, Photomath",1,1,,,,,,,,,,,Photomath,,1,,,,,,,,,,,1-10 times per month,More than a year,"Arithmetic, Algebra, Trigonometry, Integrals",1,1,1, , ,1, , ,Pure manual calculation,Analyze first and try to solve it on my own.,Yes,Yes,2,4,4,4,4,5,4
Yes,Mathway,1,,,,,,,,,,,,Mathway,1,,,,,,,,,,,,1-10 times per month,Less than 6 months,Integrals, , , , , ,1, , ,Pure manual calculation,Analyze first and try to solve it on my own.,Yes,Yes,3,3,4,3,4,3,3
Yes,"Mathway, Photomath",1,1,,,,,,,,,,,Mathway,1,,,,,,,,,,,,1-10 times per month,6 months - 1 year,"Trigonometry, Derivatives, Integrals", , ,1, ,1,1, , ,Pure manual calculation,Analyze first and try to solve it on my own.,Yes,No,3,3,4,3,3,3,1
Yes,"Photomath, Symbolab",,1,1,,,,,,,,,,"Photomath, Symbolab",,1,1,,,,,,,,,,1-10 times per month,More than a year,"Algebra, Trigonometry", ,1,1, , , , , ,Pure manual calculation,Analyze first and try to solve it on my own.,Yes,Yes,3,3,4,3,4,4,2
Yes,"Mathway, Photomath, Symbolab, Wolfram Alpha",1,1,1,1,,,,,,,,,"Mathway, Photomath, Symbolab, Wolfram Alpha",1,1,1,1,,,,,,,,,1-10 times per month,More than a year,"Trigonometry, Derivatives, Integrals, Differential Equations", , ,1, ,1,1,1, ,Manual calculation with the aid of AI-powered calculator,Analyze first and try to solve it on my own.,Yes,Yes,5,5,5,2,4,3,1
Yes,"Mathway, Photomath, Symbolab, Socratic, Microsoft Math Solver",1,1,1,,1,,,,1,,,,"Mathway, Photomath, Symbolab, Socratic, Microsoft Math Solver",1,1,1,,1,,,,1,,,,1-10 times per month,6 months - 1 year,"Derivatives, Integrals", , , , ,1,1, , ,Manual calculation with the aid of AI-powered calculator,Use an AI-powered calculator and first understand the given solution.,No,No,4,4,4,5,3,5,2
Yes,Chat gpt,,,,,,,,,,,,,Chat gpt,,,,,,,,,,,,1,2-10 times a day,More than a year,"Arithmetic, Algebra, Trigonometry, Numerical Methods, Derivatives, Integrals, Differential Equations",1,1,1,1,1,1,1, ,Pure manual calculation,Just copy the solution provided by the AI-powered calculator.,Yes,Yes,5,5,5,1,5,1,1
Yes,"Mathway, Photomath, Symbolab",1,1,1,,,,,,,,,,Photomath,,1,,,,,,,,,,,1-10 times per month,More than a year,"Algebra, Trigonometry, Derivatives", ,1,1, ,1, , , ,Manual calculation with the aid of AI-powered calculator,Use an AI-powered calculator and first understand the given solution.,Yes,Yes,2,3,3,2,4,2,1
Yes,"Mathway, Photomath",1,1,,,,,,,,,,,"Mathway, Photomath",1,1,,,,,,,,,,,1-10 times per month,More than a year,"Arithmetic, Algebra, Trigonometry",1,1,1, , , , , ,Pure manual calculation,Analyze first and try to solve it on my own.,Yes,Yes,4,4,3,5,5,4,2
Yes,Photomath,,1,,,,,,,,,,,Photomath,,1,,,,,,,,,,,1-10 times per month,More than a year,"Arithmetic, Algebra",1,1, , , , , , ,Pure manual calculation,Analyze first and try to solve it on my own.,Yes,Yes,2,3,3,4,2,5,2
Yes,"Mathway, Symbolab",1,,1,,,,,,,,,,Symbolab,,,1,,,,,,,,,,1-10 times per month,More than a year,"Trigonometry, Integrals, Differential Equations", , ,1, , ,1,1, ,Manual calculation with the aid of AI-powered calculator,Analyze first and try to solve it on my own.,Yes,Yes,3,5,4,3,4,4,2
Yes,Photomath,,1,,,,,,,,,,,Photomath,,1,,,,,,,,,,,1-10 times per month,Less than 6 months,"Algebra, Trigonometry", ,1,1, , , , , ,Manual calculation with the aid of AI-powered calculator,Analyze first and try to solve it on my own.,Yes,Yes,2,3,3,3,3,4,1
Yes,"Mathway, Photomath, Symbolab",1,1,1,,,,,,,,,,"Photomath, Symbolab",,1,1,,,,,,,,,,1-10 times per month,More than a year,"Derivatives, Integrals", , , , ,1,1, , ,Pure manual calculation,Analyze first and try to solve it on my own.,Yes,Yes,3,3,4,4,4,4,3
Yes,Photomath,,1,,,,,,,,,,,Photomath,,1,,,,,,,,,,,1-10 times per month,More than a year,Derivatives, , , , ,1, , , ,Manual calculation with the aid of AI-powered calculator,Just copy the solution provided by the AI-powered calculator.,Yes,Yes,3,3,4,2,5,2,1
Yes,Photomath,,1,,,,,,,,,,,Photomath,,1,,,,,,,,,,,1-10 times per month,Less than 6 months,"Algebra, Trigonometry", ,1,1, , , , , ,Manual calculation with the aid of AI-powered calculator,Analyze first and try to solve it on my own.,Yes,Yes,2,3,3,3,3,2,1
Yes,"Mathway, Photomath",1,1,,,,,,,,,,,Mathway,1,,,,,,,,,,,,1-10 times per month,More than a year,Trigonometry, , ,1, , , , , ,Manual calculation with the aid of AI-powered calculator,Analyze first and try to solve it on my own.,Yes,Yes,2,3,3,2,4,3,1
Yes,Photomath,,1,,,,,,,,,,,Photomath,,1,,,,,,,,,,,1-10 times per month,Less than 6 months,"Trigonometry, Derivatives, Integrals, Differential Equations", , ,1, ,1,1,1, ,Pure manual calculation,Analyze first and try to solve it on my own.,No,No,2,3,3,3,3,3,3
Yes,"Photomath, Symbolab, Microsoft Math Solver",,1,1,,,,,,1,,,,"Mathway, Photomath, Symbolab, Microsoft Math Solver",1,1,1,,,,,,1,,,,1-10 times per month,More than a year,"Algebra, Trigonometry, Derivatives, Integrals, Differential Equations", ,1,1, ,1,1,1, ,Manual calculation with the aid of AI-powered calculator,Use an AI-powered calculator and first understand the given solution.,Yes,Yes,3,3,3,3,3,3,3
Yes,"Mathway, Symbolab, Wolfram Alpha",1,,1,1,,,,,,,,,Mathway,1,,,,,,,,,,,,1-10 times per month,Less than 6 months,"Algebra, Trigonometry, Derivatives", ,1,1, ,1, , , ,Pure manual calculation,Use an AI-powered calculator and first understand the given solution.,Yes,Yes,3,4,5,1,5,3,1
Yes,"Mathway, Photomath, Symbolab",1,1,1,,,,,,,,,,"Mathway, Photomath, Symbolab",1,1,1,,,,,,,,,,1-10 times per month,More than a year,"Derivatives, Integrals", , , , ,1,1, , ,Manual calculation with the aid of AI-powered calculator,Use an AI-powered calculator and first understand the given solution.,Yes,Yes,4,4,5,3,4,4,1
Yes,"Photomath, Symbolab",,1,1,,,,,,,,,,Photomath,,1,,,,,,,,,,,Never,More than a year,"Trigonometry, Numerical Methods", , ,1,1, , , , ,Pure manual calculation,Analyze first and try to solve it on my own.,Yes,No,2,3,5,3,5,4,1
Yes,"Mathway, Symbolab",1,,1,,,,,,,,,,"Mathway, Symbolab",1,,1,,,,,,,,,,Never,Less than 6 months,Trigonometry, , ,1, , , , , ,Pure manual calculation,Analyze first and try to solve it on my own.,Yes,No,1,2,1,5,1,5,3
Yes,Mathway,1,,,,,,,,,,,,Mathway,1,,,,,,,,,,,,1-10 times per month,Less than 6 months,Algebra, ,1, , , , , , ,Pure manual calculation,Analyze first and try to solve it on my own.,Yes,No,2,3,2,3,3,2,3
Yes,"Mathway, Photomath, Symbolab",1,1,1,,,,,,,,,,Symbolab,,,1,,,,,,,,,,1-10 times per month,More than a year,"Algebra, Trigonometry, Derivatives", ,1,1, ,1, , , ,Manual calculation with the aid of AI-powered calculator,Use an AI-powered calculator and first understand the given solution.,Yes,Yes,3,4,4,4,2,3,1
Yes,Photomath,,1,,,,,,,,,,,Photomath,,1,,,,,,,,,,,1-10 times per month,More than a year,"Trigonometry, Derivatives, Integrals", , ,1, ,1,1, , ,Manual calculation with the aid of AI-powered calculator,Analyze first and try to solve it on my own.,Yes,Yes,4,5,5,3,3,3,2
Yes,"Mathway, Photomath",1,1,,,,,,,,,,,"Mathway, Photomath",1,1,,,,,,,,,,,1-10 times per month,More than a year,"Algebra, Trigonometry, Derivatives, Integrals, Differential Equations", ,1,1, ,1,1,1, ,Pure manual calculation,Use an AI-powered calculator and first understand the given solution.,Yes,Yes,3,3,4,2,4,1,1
Yes,"Mathway, Photomath, Symbolab",1,1,1,,,,,,,,,,"Mathway, Symbolab",1,,1,,,,,,,,,,1-5 times a week,6 months - 1 year,"Derivatives, Integrals", , , , ,1,1, , ,Manual calculation with the aid of AI-powered calculator,Analyze first and try to solve it on my own.,Yes,Yes,3,3,4,1,5,1,1
Yes,Mathway,1,,,,,,,,,,,,Mathway,1,,,,,,,,,,,,1-10 times per month,Less than 6 months,Integrals, , , , , ,1, , ,Pure manual calculation,Analyze first and try to solve it on my own.,No,No,3,3,2,4,3,4,1
Yes,"Mathway, Photomath, Symbolab",1,1,1,,,,,,,,,,Mathway,1,,,,,,,,,,,,1-10 times per month,Less than 6 months,Arithmetic,1, , , , , , , ,Pure manual calculation,Use an AI-powered calculator and first understand the given solution.,Yes,Yes,5,3,4,3,5,3,3
Yes,"Mathway, Photomath, Symbolab, Wolfram Alpha, Socratic",1,1,1,1,1,,,,,,,,"Mathway, Photomath",1,1,,,,,,,,,,,1-5 times a week,More than a year,"Arithmetic, Algebra, Trigonometry, Numerical Methods, Derivatives, Integrals, Differential Equations",1,1,1,1,1,1,1, ,Manual calculation with the aid of AI-powered calculator,Use an AI-powered calculator and first understand the given solution.,Yes,Yes,4,5,5,2,4,4,1
Yes,"Photomath, Microsoft Math Solver",,1,,,,,,,1,,,,"Photomath, Microsoft Math Solver",,1,,,,,,,1,,,,1-10 times per month,6 months - 1 year,"Trigonometry, Derivatives, Integrals", , ,1, ,1,1, , ,Pure manual calculation,Use an AI-powered calculator and first understand the given solution.,Yes,Yes,3,5,5,4,4,3,1
Yes,"Mathway, Photomath, Symbolab, Wolfram Alpha",1,1,1,1,,,,,,,,,"Mathway, Photomath, Symbolab",1,1,1,,,,,,,,,,1-10 times per month,More than a year,"Trigonometry, Derivatives, Integrals", , ,1, ,1,1, , ,Manual calculation with the aid of AI-powered calculator,Analyze first and try to solve it on my own.,Yes,Yes,4,5,5,4,4,5,2
Yes,"Mathway, Photomath, Symbolab",1,1,1,,,,,,,,,,"Mathway, Photomath",1,1,,,,,,,,,,,1-10 times per month,Less than 6 months,"Derivatives, Integrals", , , , ,1,1, , ,Manual calculation with the aid of AI-powered calculator,Analyze first and try to solve it on my own.,Yes,Yes,5,5,5,5,5,5,5
Yes,"Photomath, Microsoft Math Solver",,1,,,,,,,1,,,,Photomath,,1,,,,,,,,,,,Never,Less than 6 months,Algebra, ,1, , , , , , ,Pure manual calculation,Analyze first and try to solve it on my own.,Yes,No,2,3,3,3,3,4,4
Yes,"Mathway, CameraMath",1,,,,,,1,,,,,,Mathway,1,,,,,,,,,,,,1-10 times per month,Less than 6 months,"Algebra, Integrals", ,1, , , ,1, , ,Manual calculation with the aid of AI-powered calculator,Analyze first and try to solve it on my own.,Yes,Yes,3,3,4,3,3,3,4
Yes,Photomath,,1,,,,,,,,,,,Photomath,,1,,,,,,,,,,,1-10 times per month,Less than 6 months,Numerical Methods, , , ,1, , , , ,Manual calculation with the aid of AI-powered calculator,Analyze first and try to solve it on my own.,Yes,Yes,4,4,3,4,4,2,2
Yes,"Mathway, Symbolab, Wolfram Alpha",1,,1,1,,,,,,,,,"Mathway, Symbolab, Wolfram Alpha",1,,1,1,,,,,,,,,1-5 times a week,Less than 6 months,"Derivatives, Integrals", , , , ,1,1, , ,Pure manual calculation,Use an AI-powered calculator and first understand the given solution.,Yes,No,3,4,3,3,4,3,2
No,Photomath,,1,,,,,,,,,,,nothing ,,,,,,,,,,,,,Never,Less than 6 months,Trigonometry, , ,1, , , , , ,Pure manual calculation,Analyze first and try to solve it on my own.,No,No,2,2,2,2,2,2,2
Yes,"Mathway, Photomath",1,1,,,,,,,,,,,Mathway,1,,,,,,,,,,,,1-10 times per month,More than a year,"Algebra, Numerical Methods", ,1, ,1, , , , ,Pure manual calculation,Analyze first and try to solve it on my own.,Yes,No,2,5,5,5,4,5,1
No,None,,,,,,,,,,,,,None ,,,,,,,,,,,,,Never,Less than 6 months,Differential Equations, , , , , , ,1, ,Pure manual calculation,Analyze first and try to solve it on my own.,Yes,No,1,1,1,1,1,1,1
Yes,"Mathway, Photomath, Symbolab",1,1,1,,,,,,,,,,Symbolab,,,1,,,,,,,,,,1-10 times per month,Less than 6 months,"Derivatives, Integrals", , , , ,1,1, , ,Pure manual calculation,Analyze first and try to solve it on my own.,Yes,Yes,3,4,4,3,4,3,1
Yes,"Mathway, Photomath, Symbolab, Socratic",1,1,1,,1,,,,,,,,"Mathway, Photomath",1,1,,,,,,,,,,,1-5 times a week,More than a year,"Algebra, Trigonometry", ,1,1, , , , , ,Manual calculation with the aid of AI-powered calculator,Use an AI-powered calculator and first understand the given solution.,Yes,Yes,4,5,5,3,4,2,2
Yes,"Mathway, Photomath",1,1,,,,,,,,,,,"Mathway, Photomath",1,1,,,,,,,,,,,1-10 times per month,More than a year,"Trigonometry, Integrals, Differential Equations", , ,1, , ,1,1, ,Pure manual calculation,Analyze first and try to solve it on my own.,No,Yes,3,3,3,5,2,3,2
Yes,"Mathway, Symbolab",1,,1,,,,,,,,,,"Mathway, Symbolab",1,,1,,,,,,,,,,1-10 times per month,More than a year,"Derivatives, Integrals, Differential Equations", , , , ,1,1,1, ,Pure manual calculation,Analyze first and try to solve it on my own.,Yes,Yes,3,3,3,4,3,5,2
Yes,"Mathway, Photomath, Symbolab",1,1,1,,,,,,,,,,"Mathway, Photomath",1,1,,,,,,,,,,,1-10 times per month,More than a year,"Trigonometry, Derivatives, Integrals", , ,1, ,1,1, , ,Manual calculation with the aid of AI-powered calculator,Use an AI-powered calculator and first understand the given solution.,Yes,Yes,4,4,4,3,2,2,1
Yes,"Mathway, Photomath, Symbolab, Wolfram Alpha, Brilliant, Microsoft Math Solver",1,1,1,1,,,,1,1,,,,"Mathway, Photomath, Symbolab",1,1,1,,,,,,,,,,1-10 times per month,More than a year,"Trigonometry, Derivatives, Integrals", , ,1, ,1,1, , ,Manual calculation with the aid of AI-powered calculator,Use an AI-powered calculator and first understand the given solution.,Yes,Yes,2,3,3,2,4,3,1
Yes,"Mathway, Photomath, Symbolab",1,1,1,,,,,,,,,,Mathway,1,,,,,,,,,,,,1-10 times per month,More than a year,"Arithmetic, Algebra, Trigonometry, Numerical Methods, Derivatives, Integrals, Differential Equations",1,1,1,1,1,1,1, ,Manual calculation with the aid of AI-powered calculator,Analyze first and try to solve it on my own.,Yes,Yes,3,3,3,3,3,3,1
Yes,"Mathway, Photomath, Symbolab, Microsoft Math Solver",1,1,1,,,,,,1,,,,"Photomath, Microsoft Math Solver",,1,,,,,,,1,,,,1-5 times a week,More than a year,Integrals, , , , , ,1, , ,Manual calculation with the aid of AI-powered calculator,Use an AI-powered calculator and first understand the given solution.,Yes,Yes,4,5,5,3,5,3,2
Yes,Photomath,,1,,,,,,,,,,,Photomath,,1,,,,,,,,,,,Once per day,Less than 6 months,Algebra, ,1, , , , , , ,Pure manual calculation,Analyze first and try to solve it on my own.,Yes,Yes,2,3,4,3,4,5,1
Yes,Photomath,,1,,,,,,,,,,,Photomath,,1,,,,,,,,,,,1-10 times per month,More than a year,Arithmetic,1, , , , , , , ,Manual calculation with the aid of AI-powered calculator,Analyze first and try to solve it on my own.,Yes,Yes,5,5,5,4,4,4,1
Yes,Photomath,,1,,,,,,,,,,,Photomath,,1,,,,,,,,,,,Once per day,Less than 6 months,Algebra, ,1, , , , , , ,Manual calculation with the aid of AI-powered calculator,Analyze first and try to solve it on my own.,Yes,Yes,2,2,3,5,3,3,1
Yes,Photomath,,1,,,,,,,,,,,Photomath,,1,,,,,,,,,,,1-10 times per month,Less than 6 months,"Algebra, Trigonometry, Derivatives, Integrals, Differential Equations", ,1,1, ,1,1,1, ,Manual calculation with the aid of AI-powered calculator,Use an AI-powered calculator and first understand the given solution.,Yes,Yes,2,5,3,2,4,1,1
Yes,"Mathway, Photomath, Microsoft Math Solver",1,1,,,,,,,1,,,,"Mathway, Microsoft Math Solver",1,,,,,,,,1,,,,1-5 times a week,Less than 6 months,"Arithmetic, Algebra",1,1, , , , , , ,Pure manual calculation,Use an AI-powered calculator and first understand the given solution.,Yes,Yes,3,4,2,3,4,3,1
Yes,Photomath,,1,,,,,,,,,,,Photomath,,1,,,,,,,,,,,1-10 times per month,6 months - 1 year,Arithmetic,1, , , , , , , ,Pure manual calculation,Analyze first and try to solve it on my own.,Yes,Yes,3,4,4,3,4,2,1
Yes,"Mathway, Photomath, Symbolab",1,1,1,,,,,,,,,,"Mathway, Symbolab",1,,1,,,,,,,,,,1-10 times per month,More than a year,"Arithmetic, Algebra, Trigonometry",1,1,1, , , , , ,Manual calculation with the aid of AI-powered calculator,Use an AI-powered calculator and first understand the given solution.,Yes,Yes,4,4,4,4,5,2,1
Yes,"Mathway, Photomath, Symbolab",1,1,1,,,,,,,,,,"Mathway, Photomath, Symbolab",1,1,1,,,,,,,,,,Once per day,6 months - 1 year,"Trigonometry, Numerical Methods", , ,1,1, , , , ,Manual calculation with the aid of AI-powered calculator,Use an AI-powered calculator and first understand the given solution.,Yes,Yes,4,5,3,3,5,3,3
Yes,"Photomath, Symbolab",,1,1,,,,,,,,,,Symbolab,,,1,,,,,,,,,,1-10 times per month,6 months - 1 year,"Trigonometry, Derivatives, Integrals", , ,1, ,1,1, , ,Pure manual calculation,Use an AI-powered calculator and first understand the given solution.,Yes,Yes,3,3,3,4,3,4,1
Yes,"Photomath, Symbolab, Wolfram Alpha",,1,1,1,,,,,,,,,Wolfram Alpha,,,,1,,,,,,,,,1-10 times per month,Less than 6 months,"Derivatives, Integrals, Differential Equations", , , , ,1,1,1, ,Pure manual calculation,Analyze first and try to solve it on my own.,Yes,No,2,3,3,4,3,5,1
Yes,Photomath,,1,,,,,,,,,,,Photomath,,1,,,,,,,,,,,1-10 times per month,More than a year,"Derivatives, Integrals", , , , ,1,1, , ,Pure manual calculation,Analyze first and try to solve it on my own.,Yes,Yes,2,3,3,3,3,4,3
Yes,"Photomath, Symbolab, Maple Calculator, CameraMath, Microsoft Math Solver",,1,1,,,1,1,,1,,,,Symbolab,,,1,,,,,,,,,,More than 10 times a day,More than a year,"Arithmetic, Algebra",1,1, , , , , , ,Manual calculation with the aid of AI-powered calculator,Just copy the solution provided by the AI-powered calculator.,Yes,Yes,3,3,3,5,1,4,3
Yes,"Mathway, Photomath, Symbolab",1,1,1,,,,,,,,,,Photomath,,1,,,,,,,,,,,1-10 times per month,More than a year,Integrals, , , , , ,1, , ,Pure manual calculation,Analyze first and try to solve it on my own.,No,Yes,3,4,2,4,3,3,1
Yes,"Mathway, Photomath, Wolfram Alpha",1,1,,1,,,,,,,,,"Photomath, Symbolab",,1,1,,,,,,,,,,1-10 times per month,Less than 6 months,Trigonometry, , ,1, , , , , ,Manual calculation with the aid of AI-powered calculator,Use an AI-powered calculator and first understand the given solution.,Yes,Yes,3,4,2,3,4,3,3
Yes,"Mathway, Photomath, Symbolab",1,1,1,,,,,,,,,,Symbolab,,,1,,,,,,,,,,1-10 times per month,6 months - 1 year,"Derivatives, Integrals", , , , ,1,1, , ,Pure manual calculation,Use an AI-powered calculator and first understand the given solution.,Yes,Yes,3,4,3,4,5,2,1
Yes,"Photomath, Symbolab",,1,1,,,,,,,,,,Photomath,,1,,,,,,,,,,,1-5 times a week,More than a year,"Algebra, Trigonometry, Derivatives, Integrals", ,1,1, ,1,1, , ,Manual calculation with the aid of AI-powered calculator,Use an AI-powered calculator and first understand the given solution.,Yes,Yes,3,3,4,2,3,3,1
Yes,"Mathway, Photomath, Symbolab",1,1,1,,,,,,,,,,"Photomath, Symbolab",,1,1,,,,,,,,,,1-5 times a week,More than a year,"Derivatives, Integrals", , , , ,1,1, , ,Pure manual calculation,Use an AI-powered calculator and first understand the given solution.,Yes,Yes,2,3,2,2,4,3,1
Yes,"Mathway, Photomath, Symbolab, Wolfram Alpha",1,1,1,1,,,,,,,,,"Mathway, Photomath, Symbolab, Wolfram Alpha",1,1,1,1,,,,,,,,,1-10 times per month,Less than 6 months,"Numerical Methods, Derivatives, Integrals, Differential Equations", , , ,1,1,1,1, ,Pure manual calculation,Analyze first and try to solve it on my own.,Yes,Yes,4,3,5,3,5,4,1
Yes,Photomath,,1,,,,,,,,,,,Photomath,,1,,,,,,,,,,,1-10 times per month,More than a year,Integrals, , , , , ,1, , ,Pure manual calculation,Analyze first and try to solve it on my own.,Yes,Yes,3,3,3,3,3,3,3
Yes,"Mathway, Photomath, Symbolab",1,1,1,,,,,,,,,,"Mathway, Photomath",1,1,,,,,,,,,,,1-5 times a week,More than a year,"Derivatives, Integrals, Differential Equations", , , , ,1,1,1, ,Manual calculation with the aid of AI-powered calculator,Analyze first and try to solve it on my own.,Yes,Yes,3,5,4,3,5,4,3
Yes,Symbolab,,,1,,,,,,,,,,Symbolab,,,1,,,,,,,,,,1-10 times per month,More than a year,"Derivatives, Integrals, Differential Equations", , , , ,1,1,1, ,Pure manual calculation,Use an AI-powered calculator and first understand the given solution.,Yes,Yes,4,4,4,2,4,2,1
Yes,"Mathway, Photomath",1,1,,,,,,,,,,,"Mathway, Photomath",1,1,,,,,,,,,,,1-5 times a week,More than a year,"Arithmetic, Algebra, Trigonometry, Numerical Methods, Derivatives, Integrals, Differential Equations",1,1,1,1,1,1,1, ,Manual calculation with the aid of AI-powered calculator,Use an AI-powered calculator and first understand the given solution.,Yes,Yes,5,5,5,5,5,5,5
Yes,"Photomath, Socratic",,1,,,1,,,,,,,,Photomath,,1,,,,,,,,,,,1-10 times per month,More than a year,"Arithmetic, Trigonometry, Derivatives, Differential Equations",1, ,1, ,1, ,1, ,Manual calculation with the aid of AI-powered calculator,Analyze first and try to solve it on my own.,Yes,Yes,2,3,4,3,3,3,1
Yes,"Mathway, Symbolab, Wolfram Alpha, Maple Calculator",1,,1,1,,1,,,,,,,"Symbolab, Maple Calculator",,,1,,,1,,,,,,,1-10 times per month,Less than 6 months,Arithmetic,1, , , , , , , ,Manual calculation with the aid of AI-powered calculator,Analyze first and try to solve it on my own.,Yes,Yes,4,4,4,3,4,2,4
Yes,"Mathway, Microsoft Math Solver",1,,,,,,,,1,,,,Mathway,1,,,,,,,,,,,,More than 10 times a day,More than a year,Differential Equations, , , , , , ,1, ,Manual calculation with the aid of AI-powered calculator,Analyze first and try to solve it on my own.,Yes,Yes,4,4,4,3,4,4,3
No,Brilliant,,,,,,,,1,,,,,Brilliant,,,,,,,,1,,,,,Once per day,Less than 6 months,Algebra, ,1, , , , , , ,Manual calculation with the aid of AI-powered calculator,Analyze first and try to solve it on my own.,Yes,Yes,4,5,3,4,4,4,4
Yes,"Photomath, CameraMath",,1,,,,,1,,,,,,"Photomath, CameraMath",,1,,,,,1,,,,,,1-10 times per month,Less than 6 months,"Arithmetic, Integrals",1, , , , ,1, , ,Manual calculation with the aid of AI-powered calculator,Analyze first and try to solve it on my own.,No,No,1,1,3,4,3,5,3
Yes,"Mathway, Photomath, Symbolab",1,1,1,,,,,,,,,,"Mathway, Symbolab",1,,1,,,,,,,,,,1-10 times per month,More than a year,"Derivatives, Integrals, Differential Equations", , , , ,1,1,1, ,Manual calculation with the aid of AI-powered calculator,Analyze first and try to solve it on my own.,Yes,Yes,3,4,3,3,3,2,1
Yes,"Mathway, Photomath, Symbolab, Wolfram Alpha, Socratic",1,1,1,1,1,,,,,,,,Symbolab,,,1,,,,,,,,,,1-5 times a week,More than a year,"Numerical Methods, Derivatives, Integrals, Differential Equations", , , ,1,1,1,1, ,Manual calculation with the aid of AI-powered calculator,Use an AI-powered calculator and first understand the given solution.,Yes,Yes,3,3,3,2,3,2,2
Yes,"Mathway, Photomath, Symbolab, Wolfram Alpha",1,1,1,1,,,,,,,,,"Mathway, Photomath, Symbolab, Wolfram Alpha",1,1,1,1,,,,,,,,,1-10 times per month,More than a year,"Arithmetic, Algebra, Trigonometry, Numerical Methods, Derivatives, Integrals, Differential Equations",1,1,1,1,1,1,1, ,Manual calculation with the aid of AI-powered calculator,Just copy the solution provided by the AI-powered calculator.,Yes,Yes,4,5,5,2,5,3,3
Yes,Symbolab,,,1,,,,,,,,,,Symbolab,,,1,,,,,,,,,,1-10 times per month,Less than 6 months,"Arithmetic, Algebra, Trigonometry, Numerical Methods, Derivatives, Integrals, Differential Equations",1,1,1,1,1,1,1, ,Pure manual calculation,Just copy the solution provided by the AI-powered calculator.,Yes,Yes,2,3,3,4,3,1,2
Yes,Mathway,1,,,,,,,,,,,,Mathway,1,,,,,,,,,,,,1-5 times a week,More than a year,"Algebra, Trigonometry, Integrals, Differential Equations", ,1,1, , ,1,1, ,Pure manual calculation,Use an AI-powered calculator and first understand the given solution.,Yes,Yes,5,4,4,3,4,1,3
Yes,"Mathway, Symbolab, Wolfram Alpha, Socratic",1,,1,1,1,,,,,,,,Symbolab,,,1,,,,,,,,,,More than 10 times a day,More than a year,"Arithmetic, Algebra, Trigonometry, Numerical Methods, Derivatives, Integrals, Differential Equations",1,1,1,1,1,1,1, ,Manual calculation with the aid of AI-powered calculator,Analyze first and try to solve it on my own.,Yes,Yes,4,4,4,3,4,1,2
Yes,"Mathway, Photomath, Symbolab, Wolfram Alpha, Socratic",1,1,1,1,1,,,,,,,,"Mathway, Photomath, Symbolab, Wolfram Alpha, Socratic",1,1,1,1,1,,,,,,,,2-10 times a day,More than a year,"Arithmetic, Algebra, Trigonometry, Numerical Methods, Derivatives, Integrals, Differential Equations",1,1,1,1,1,1,1, ,Manual calculation with the aid of AI-powered calculator,Analyze first and try to solve it on my own.,Yes,Yes,3,3,2,3,4,1,1
Yes,"Mathway, Symbolab",1,,1,,,,,,,,,,Symbolab,,,1,,,,,,,,,,1-10 times per month,More than a year,"Integrals, Differential Equations", , , , , ,1,1, ,Pure manual calculation,Analyze first and try to solve it on my own.,Yes,No,3,4,4,2,4,1,1
Yes,"Mathway, Symbolab, Wolfram Alpha",1,,1,1,,,,,,,,,Wolfram Alpha,,,,1,,,,,,,,,1-10 times per month,More than a year,"Derivatives, Integrals, Differential Equations", , , , ,1,1,1, ,Pure manual calculation,Use an AI-powered calculator and first understand the given solution.,Yes,Yes,4,4,4,3,4,2,1
Yes,"Mathway, Photomath, Symbolab, Wolfram Alpha",1,1,1,1,,,,,,,,,"Symbolab, Wolfram Alpha",,,1,1,,,,,,,,,1-10 times per month,More than a year,"Algebra, Trigonometry", ,1,1, , , , , ,Manual calculation with the aid of AI-powered calculator,Use an AI-powered calculator and first understand the given solution.,Yes,Yes,3,3,4,3,4,5,1
Yes,"Mathway, Photomath, Symbolab, Wolfram Alpha",1,1,1,1,,,,,,,,,Mathway,1,,,,,,,,,,,,1-10 times per month,More than a year,Algebra, ,1, , , , , , ,Manual calculation with the aid of AI-powered calculator,Use an AI-powered calculator and first understand the given solution.,Yes,Yes,3,4,4,2,4,3,1
Yes,"Mathway, Photomath, Symbolab",1,1,1,,,,,,,,,,"Mathway, Symbolab",1,,1,,,,,,,,,,1-5 times a week,More than a year,"Arithmetic, Algebra, Trigonometry, Numerical Methods, Derivatives, Integrals, Differential Equations",1,1,1,1,1,1,1, ,Manual calculation with the aid of AI-powered calculator,Analyze first and try to solve it on my own.,Yes,Yes,3,3,5,3,4,3,1
Yes,"Mathway, Symbolab, Wolfram Alpha",1,,1,1,,,,,,,,,Wolfram Alpha,,,,1,,,,,,,,,1-10 times per month,More than a year,"Algebra, Differential Equations", ,1, , , , ,1, ,Manual calculation with the aid of AI-powered calculator,Use an AI-powered calculator and first understand the given solution.,Yes,Yes,2,4,4,4,3,4,2
Yes,Photomath,,1,,,,,,,,,,,Photomath,,1,,,,,,,,,,,1-10 times per month,More than a year,Algebra, ,1, , , , , , ,Manual calculation with the aid of AI-powered calculator,Analyze first and try to solve it on my own.,Yes,Yes,2,2,3,3,2,2,1
Yes,Photomath,,1,,,,,,,,,,,Photomath,,1,,,,,,,,,,,1-10 times per month,More than a year,"Trigonometry, Derivatives, Integrals", , ,1, ,1,1, , ,Manual calculation with the aid of AI-powered calculator,Use an AI-powered calculator and first understand the given solution.,Yes,Yes,2,4,4,2,3,2,3
Yes,"Photomath, Wolfram Alpha",,1,,1,,,,,,,,,Wolfram Alpha,,,,1,,,,,,,,,1-10 times per month,More than a year,"Algebra, Derivatives, Integrals", ,1, , ,1,1, , ,Manual calculation with the aid of AI-powered calculator,Analyze first and try to solve it on my own.,Yes,Yes,2,4,4,4,4,3,1
Yes,"Mathway, Photomath",1,1,,,,,,,,,,,"Mathway, Photomath",1,1,,,,,,,,,,,1-10 times per month,More than a year,"Arithmetic, Algebra, Trigonometry, Numerical Methods, Derivatives, Integrals, Differential Equations",1,1,1,1,1,1,1, ,Manual calculation with the aid of AI-powered calculator,Analyze first and try to solve it on my own.,Yes,Yes,4,4,4,2,4,3,1
Yes,Mathway,1,,,,,,,,,,,,Mathway,1,,,,,,,,,,,,1-10 times per month,Less than 6 months,"Algebra, Trigonometry, Derivatives, Differential Equations", ,1,1, ,1, ,1, ,Pure manual calculation,Analyze first and try to solve it on my own.,Yes,Yes,4,4,5,3,4,3,5
Yes,"Mathway, Photomath, Symbolab",1,1,1,,,,,,,,,,"Mathway, Photomath",1,1,,,,,,,,,,,1-10 times per month,More than a year,Derivatives, , , , ,1, , , ,Manual calculation with the aid of AI-powered calculator,Use an AI-powered calculator and first understand the given solution.,Yes,Yes,3,3,4,2,5,2,1
Yes,"Mathway, Symbolab",1,,1,,,,,,,,,,Mathway,1,,,,,,,,,,,,1-10 times per month,6 months - 1 year,Derivatives, , , , ,1, , , ,Manual calculation with the aid of AI-powered calculator,Analyze first and try to solve it on my own.,Yes,Yes,3,3,3,2,4,1,1
Yes,"Photomath, Symbolab",,1,1,,,,,,,,,,"Photomath, Symbolab",,1,1,,,,,,,,,,1-10 times per month,More than a year,"Algebra, Trigonometry", ,1,1, , , , , ,Manual calculation with the aid of AI-powered calculator,Use an AI-powered calculator and first understand the given solution.,Yes,Yes,2,3,4,2,3,1,1
Yes,"Symbolab, Microsoft Math Solver",,,1,,,,,,1,,,,Symbolab,,,1,,,,,,,,,,1-10 times per month,Less than 6 months,"Algebra, Trigonometry, Integrals", ,1,1, , ,1, , ,Pure manual calculation,Use an AI-powered calculator and first understand the given solution.,Yes,Yes,3,3,2,3,3,2,2
Yes,Symbolab,,,1,,,,,,,,,,Symbolab,,,1,,,,,,,,,,1-10 times per month,More than a year,"Derivatives, Integrals", , , , ,1,1, , ,Pure manual calculation,Use an AI-powered calculator and first understand the given solution.,Yes,Yes,3,4,5,2,4,1,1
Yes,"Mathway, Photomath, Wolfram Alpha",1,1,,1,,,,,,,,,"Mathway, Wolfram Alpha",1,,,1,,,,,,,,,1-10 times per month,More than a year,"Algebra, Trigonometry, Numerical Methods, Derivatives, Integrals", ,1,1,1,1,1, , ,Manual calculation with the aid of AI-powered calculator,Analyze first and try to solve it on my own.,Yes,Yes,2,2,3,2,3,1,1
Yes,"Mathway, Photomath",1,1,,,,,,,,,,,"Mathway, Photomath",1,1,,,,,,,,,,,1-10 times per month,More than a year,Algebra, ,1, , , , , , ,Manual calculation with the aid of AI-powered calculator,Analyze first and try to solve it on my own.,No,Yes,2,2,3,2,2,2,2
Yes,"Mathway, Photomath, Symbolab",1,1,1,,,,,,,,,,"Mathway, Photomath",1,1,,,,,,,,,,,1-5 times a week,More than a year,Derivatives, , , , ,1, , , ,Pure manual calculation,Analyze first and try to solve it on my own.,Yes,Yes,4,4,4,2,4,2,1
Yes,"Mathway, Photomath, Symbolab, Wolfram Alpha",1,1,1,1,,,,,,,,,Photomath,,1,,,,,,,,,,,1-10 times per month,Less than 6 months,"Trigonometry, Numerical Methods", , ,1,1, , , , ,Pure manual calculation,Analyze first and try to solve it on my own.,Yes,Yes,3,2,3,3,3,1,1
Yes,"Photomath, Symbolab",,1,1,,,,,,,,,,Photomath,,1,,,,,,,,,,,1-10 times per month,Less than 6 months,"Arithmetic, Algebra, Trigonometry",1,1,1, , , , , ,Manual calculation with the aid of AI-powered calculator,Analyze first and try to solve it on my own.,Yes,Yes,1,1,1,1,1,1,1
No,None,,,,,,,,,,,,,None,,,,,,,,,,,,,Never,Less than 6 months,Arithmetic,1, , , , , , , ,Pure manual calculation,Analyze first and try to solve it on my own.,No,No,1,1,1,1,1,1,1
Yes,"Mathway, Photomath, Wolfram Alpha",1,1,,1,,,,,,,,,Photomath,,1,,,,,,,,,,,1-10 times per month,More than a year,Trigonometry, , ,1, , , , , ,Manual calculation with the aid of AI-powered calculator,Analyze first and try to solve it on my own.,Yes,Yes,2,3,3,3,3,3,3
Yes,"MyScript, Derivative Calculator",,,,,,,,,,1,,,Python,,,,,,,,,,,,,1-10 times per month,6 months - 1 year,"Arithmetic, Algebra, Derivatives",1,1, , ,1, , , ,Pure manual calculation,Analyze first and try to solve it on my own.,Yes,Yes,3,4,2,3,3,2,1
Yes,"Mathway, Photomath, Symbolab",1,1,1,,,,,,,,,,Photomath,,1,,,,,,,,,,,1-10 times per month,6 months - 1 year,Algebra, ,1, , , , , , ,Manual calculation with the aid of AI-powered calculator,Analyze first and try to solve it on my own.,Yes,Yes,3,3,3,3,3,3,3
Yes,Mathway,1,,,,,,,,,,,,Mathway,1,,,,,,,,,,,,1-10 times per month,Less than 6 months,"Trigonometry, Differential Equations", , ,1, , , ,1, ,Pure manual calculation,Analyze first and try to solve it on my own.,No,No,2,2,2,5,2,4,2
Yes,Photomath,,1,,,,,,,,,,,Photomath,,1,,,,,,,,,,,1-10 times per month,Less than 6 months,Arithmetic,1, , , , , , , ,Pure manual calculation,Analyze first and try to solve it on my own.,Yes,No,2,4,3,2,3,1,2
Yes,"Mathway, Photomath, Symbolab, Microsoft Math Solver",1,1,1,,,,,,1,,,,"Mathway, Photomath, Microsoft Math Solver",1,1,,,,,,,1,,,,1-5 times a week,More than a year,"Algebra, Trigonometry, Derivatives, Integrals, Differential Equations", ,1,1, ,1,1,1, ,Manual calculation with the aid of AI-powered calculator,Use an AI-powered calculator and first understand the given solution.,Yes,Yes,4,4,5,4,5,5,4
Yes,"Mathway, Photomath",1,1,,,,,,,,,,,"Mathway, Photomath, Symbolab",1,1,1,,,,,,,,,,1-10 times per month,Less than 6 months,"Derivatives, Integrals", , , , ,1,1, , ,Manual calculation with the aid of AI-powered calculator,Analyze first and try to solve it on my own.,Yes,Yes,3,3,3,3,3,3,3
Yes,"Mathway, Photomath",1,1,,,,,,,,,,,"Mathway, Photomath",1,1,,,,,,,,,,,1-10 times per month,More than a year,"Arithmetic, Algebra, Trigonometry",1,1,1, , , , , ,Pure manual calculation,Use an AI-powered calculator and first understand the given solution.,Yes,Yes,3,3,3,3,3,3,3
Yes,"Mathway, Symbolab, Wolfram Alpha",1,,1,1,,,,,,,,,Mathway,1,,,,,,,,,,,,Once per day,Less than 6 months,"Derivatives, Differential Equations", , , , ,1, ,1, ,Manual calculation with the aid of AI-powered calculator,Analyze first and try to solve it on my own.,Yes,Yes,4,4,3,4,4,1,1
Yes,Mathway,1,,,,,,,,,,,,Mathway,1,,,,,,,,,,,,1-10 times per month,Less than 6 months,Derivatives, , , , ,1, , , ,Manual calculation with the aid of AI-powered calculator,Use an AI-powered calculator and first understand the given solution.,Yes,Yes,3,4,3,2,2,2,2
Yes,"Mathway, Photomath, Symbolab, CameraMath",1,1,1,,,,1,,,,,,"Mathway, Photomath, Symbolab, CameraMath",1,1,1,,,,1,,,,,,Once per day,Less than 6 months,"Derivatives, Differential Equations", , , , ,1, ,1, ,Manual calculation with the aid of AI-powered calculator,Use an AI-powered calculator and first understand the given solution.,Yes,Yes,4,4,3,2,4,2,2
Yes,"Mathway, Photomath, Symbolab",1,1,1,,,,,,,,,,Mathway,1,,,,,,,,,,,,1-10 times per month,Less than 6 months,Derivatives, , , , ,1, , , ,Pure manual calculation,Analyze first and try to solve it on my own.,Yes,Yes,3,3,4,2,4,3,1
Yes,Mathway,1,,,,,,,,,,,,Mathway,1,,,,,,,,,,,,1-5 times a week,More than a year,"Arithmetic, Algebra, Trigonometry, Numerical Methods, Derivatives, Integrals, Differential Equations",1,1,1,1,1,1,1, ,Manual calculation with the aid of AI-powered calculator,Use an AI-powered calculator and first understand the given solution.,Yes,Yes,3,5,5,3,4,3,2
Yes,"Mathway, Photomath, Symbolab",1,1,1,,,,,,,,,,Symbolab,,,1,,,,,,,,,,1-10 times per month,6 months - 1 year,"Algebra, Derivatives, Differential Equations", ,1, , ,1, ,1, ,Pure manual calculation,Analyze first and try to solve it on my own.,Yes,Yes,2,3,4,2,3,2,1
Yes,"Mathway, Photomath, Symbolab",1,1,1,,,,,,,,,,Symbolab,,,1,,,,,,,,,,1-10 times per month,6 months - 1 year,"Algebra, Trigonometry, Derivatives, Integrals, Differential Equations", ,1,1, ,1,1,1, ,Manual calculation with the aid of AI-powered calculator,Use an AI-powered calculator and first understand the given solution.,Yes,Yes,3,4,4,4,3,3,1
Yes,"Mathway, Symbolab",1,,1,,,,,,,,,,"Mathway, Symbolab",1,,1,,,,,,,,,,1-10 times per month,More than a year,"Derivatives, Integrals, Differential Equations", , , , ,1,1,1, ,Manual calculation with the aid of AI-powered calculator,Analyze first and try to solve it on my own.,Yes,Yes,3,3,5,5,1,5,3
Yes,Photomath,,1,,,,,,,,,,,Photomath,,1,,,,,,,,,,,1-10 times per month,6 months - 1 year,"Derivatives, Integrals", , , , ,1,1, , ,Pure manual calculation,Use an AI-powered calculator and first understand the given solution.,Yes,Yes,4,3,3,3,3,3,3
Yes,Photomath,,1,,,,,,,,,,,Photomath,,1,,,,,,,,,,,Once per day,6 months - 1 year,Arithmetic,1, , , , , , , ,Manual calculation with the aid of AI-powered calculator,Analyze first and try to solve it on my own.,Yes,Yes,4,4,4,4,4,4,4
Yes,Photomath,,1,,,,,,,,,,,Photomath,,1,,,,,,,,,,,Once per day,More than a year,Algebra, ,1, , , , , , ,Manual calculation with the aid of AI-powered calculator,Analyze first and try to solve it on my own.,Yes,Yes,2,3,2,2,2,3,2
Yes,Photomath,,1,,,,,,,,,,,Photomath,,1,,,,,,,,,,,1-10 times per month,Less than 6 months,Algebra, ,1, , , , , , ,Pure manual calculation,Use an AI-powered calculator and first understand the given solution.,No,No,2,2,3,3,2,3,2
Yes,"Mathway, Photomath",1,1,,,,,,,,,,,"Mathway, Photomath",1,1,,,,,,,,,,,1-10 times per month,Less than 6 months,"Arithmetic, Algebra",1,1, , , , , , ,Manual calculation with the aid of AI-powered calculator,Use an AI-powered calculator and first understand the given solution.,Yes,No,2,3,4,2,4,3,1
Yes,Photomath,,1,,,,,,,,,,,Photomath,,1,,,,,,,,,,,1-5 times a week,6 months - 1 year,Algebra, ,1, , , , , , ,Pure manual calculation,Analyze first and try to solve it on my own.,Yes,Yes,2,4,4,3,3,3,1
Yes,"Mathway, Photomath",1,1,,,,,,,,,,,Mathway,1,,,,,,,,,,,,1-10 times per month,Less than 6 months,Trigonometry, , ,1, , , , , ,Pure manual calculation,Analyze first and try to solve it on my own.,Yes,No,2,2,2,3,2,3,1
Yes,"Mathway, Photomath",1,1,,,,,,,,,,,"Mathway, Photomath",1,1,,,,,,,,,,,1-10 times per month,Less than 6 months,"Arithmetic, Algebra",1,1, , , , , , ,Manual calculation with the aid of AI-powered calculator,Analyze first and try to solve it on my own.,Yes,Yes,4,4,5,2,4,3,2
Yes,Photomath,,1,,,,,,,,,,,Photomath,,1,,,,,,,,,,,1-10 times per month,More than a year,"Arithmetic, Trigonometry",1, ,1, , , , , ,Pure manual calculation,Analyze first and try to solve it on my own.,Yes,Yes,2,4,2,3,4,3,2
Yes,Photomath,,1,,,,,,,,,,,Photomath,,1,,,,,,,,,,,Once per day,Less than 6 months,Arithmetic,1, , , , , , , ,Pure manual calculation,Analyze first and try to solve it on my own.,No,No,2,3,4,3,3,3,3
No,Not Applicable,,,,,,,,,,,1,,Not Applicable,,,,,,,,,,,1,,Never,Not Applicable,Not Applicable, , , , , , , ,1,Pure manual calculation,Analyze first and try to solve it on my own.,Yes,Yes,1,5,5,3,5,3,1
Yes,"Photomath, Socratic",,1,,,1,,,,,,,,"Symbolab, Microsoft Math Solver",,,1,,,,,,1,,,,1-10 times per month,6 months - 1 year,"Arithmetic, Algebra",1,1, , , , , , ,Manual calculation with the aid of AI-powered calculator,Use an AI-powered calculator and first understand the given solution.,Yes,Yes,5,4,4,4,4,2,1
Yes,"Mathway, Photomath, Symbolab, Wolfram Alpha, Socratic, Maple Calculator, CameraMath, Brilliant, Microsoft Math Solver, MyScript",1,1,1,1,1,1,1,1,1,1,,,Photomath,,1,,,,,,,,,,,1-5 times a week,More than a year,"Arithmetic, Algebra",1,1, , , , , , ,Manual calculation with the aid of AI-powered calculator,Analyze first and try to solve it on my own.,Yes,Yes,4,4,4,3,4,3,2
Yes,"Mathway, Photomath, Symbolab, Wolfram Alpha, Socratic, Maple Calculator, CameraMath, Brilliant, Microsoft Math Solver, MyScript",1,1,1,1,1,1,1,1,1,1,,,Photomath,,1,,,,,,,,,,,Never,More than a year,"Arithmetic, Algebra, Integrals",1,1, , , ,1, , ,Pure AI-powered calculator,Analyze first and try to solve it on my own.,Yes,Yes,2,4,3,1,3,2,2
Yes,Photomath,,1,,,,,,,,,,,Photomath,,1,,,,,,,,,,,1-10 times per month,More than a year,Arithmetic,1, , , , , , , ,Pure manual calculation,Analyze first and try to solve it on my own.,Yes,Yes,3,4,3,3,4,1,1
Yes,Photomath,,1,,,,,,,,,,,Photomath,,1,,,,,,,,,,,1-10 times per month,More than a year,Algebra, ,1, , , , , , ,Manual calculation with the aid of AI-powered calculator,Use an AI-powered calculator and first understand the given solution.,Yes,Yes,3,4,3,5,3,4,2
Yes,Photomath,,1,,,,,,,,,,,Photomath,,1,,,,,,,,,,,More than 10 times a day,More than a year,"Arithmetic, Algebra",1,1, , , , , , ,Manual calculation with the aid of AI-powered calculator,Use an AI-powered calculator and first understand the given solution.,Yes,Yes,3,4,5,5,5,5,5
Yes,"Photomath, Symbolab, Socratic, CameraMath, Microsoft Math Solver",,1,1,,1,,1,,1,,,,"Mathway, Photomath, Maple Calculator",1,1,,,,1,,,,,,,Never,Less than 6 months,Arithmetic,1, , , , , , , ,Pure manual calculation,Analyze first and try to solve it on my own.,Yes,Yes,4,3,3,4,4,4,4
Yes,"Mathway, Brilliant",1,,,,,,,1,,,,,"Mathway, Maple Calculator",1,,,,,1,,,,,,,1-5 times a week,Less than 6 months,Algebra, ,1, , , , , , ,Pure manual calculation,Analyze first and try to solve it on my own.,Yes,No,5,5,5,5,5,5,5
Yes,Photomath,,1,,,,,,,,,,,Photomath,,1,,,,,,,,,,,1-10 times per month,Less than 6 months,Algebra, ,1, , , , , , ,Manual calculation with the aid of AI-powered calculator,Analyze first and try to solve it on my own.,Yes,Yes,5,5,4,5,4,5,4
Yes,"Mathway, Photomath",1,1,,,,,,,,,,,Photomath,,1,,,,,,,,,,,1-10 times per month,Less than 6 months,"Arithmetic, Algebra",1,1, , , , , , ,Pure manual calculation,Analyze first and try to solve it on my own.,Yes,Yes,3,3,3,2,3,1,1
Yes,"Mathway, Photomath, Symbolab",1,1,1,,,,,,,,,,Symbolab,,,1,,,,,,,,,,1-10 times per month,6 months - 1 year,"Derivatives, Integrals", , , , ,1,1, , ,Manual calculation with the aid of AI-powered calculator,Analyze first and try to solve it on my own.,Yes,Yes,4,5,4,3,4,3,1
Yes,"Mathway, Photomath",1,1,,,,,,,,,,,"Mathway, Photomath",1,1,,,,,,,,,,,1-10 times per month,More than a year,Arithmetic,1, , , , , , , ,Manual calculation with the aid of AI-powered calculator,Use an AI-powered calculator and first understand the given solution.,Yes,Yes,2,4,3,2,3,3,1
Yes,"Mathway, Photomath, Symbolab",1,1,1,,,,,,,,,,"Mathway, Photomath, Symbolab",1,1,1,,,,,,,,,,1-10 times per month,Less than 6 months,"Arithmetic, Algebra, Trigonometry, Derivatives, Integrals, Differential Equations",1,1,1, ,1,1,1, ,Pure manual calculation,Use an AI-powered calculator and first understand the given solution.,Yes,Yes,5,4,5,4,4,5,1
Yes,Mathway,1,,,,,,,,,,,,Mathway,1,,,,,,,,,,,,1-10 times per month,More than a year,"Derivatives, Integrals, Differential Equations", , , , ,1,1,1, ,Manual calculation with the aid of AI-powered calculator,Analyze first and try to solve it on my own.,Yes,Yes,4,5,5,3,4,1,1
Yes,"Mathway, Photomath, Maple Calculator, Microsoft Math Solver",1,1,,,,1,,,1,,,,Microsoft Math Solver,,,,,,,,,1,,,,1-10 times per month,Less than 6 months,"Arithmetic, Algebra, Derivatives, Integrals",1,1, , ,1,1, , ,Manual calculation with the aid of AI-powered calculator,Just copy the solution provided by the AI-powered calculator.,Yes,Yes,5,5,5,4,5,4,1
No,Not Applicable,,,,,,,,,,,1,,Not Applicable,,,,,,,,,,,1,,Never,Not Applicable,Not Applicable, , , , , , , ,1,Pure manual calculation,Analyze first and try to solve it on my own.,No,No,1,1,1,5,3,5,1
Yes,"Mathway, Photomath, Symbolab, Socratic, Maple Calculator, CameraMath, Brilliant, Microsoft Math Solver, MyScript",1,1,1,,1,1,1,1,1,1,,,"Mathway, Photomath, Symbolab",1,1,1,,,,,,,,,,1-10 times per month,More than a year,"Derivatives, Integrals", , , , ,1,1, , ,Pure manual calculation,Use an AI-powered calculator and first understand the given solution.,Yes,Yes,3,4,1,5,4,5,2
Yes,"Mathway, Photomath, Symbolab",1,1,1,,,,,,,,,,"Mathway, Photomath, Symbolab",1,1,1,,,,,,,,,,1-10 times per month,More than a year,"Derivatives, Integrals", , , , ,1,1, , ,Manual calculation with the aid of AI-powered calculator,Analyze first and try to solve it on my own.,Yes,Yes,3,4,3,1,5,1,1
Yes,"Mathway, Photomath",1,1,,,,,,,,,,,Mathway,1,,,,,,,,,,,,1-10 times per month,More than a year,Differential Equations, , , , , , ,1, ,Pure manual calculation,Analyze first and try to solve it on my own.,Yes,Yes,4,5,4,2,4,1,1
No,Not Applicable,,,,,,,,,,,1,,Not Applicable,,,,,,,,,,,1,,Never,Not Applicable,Not Applicable, , , , , , , ,1,Pure manual calculation,Analyze first and try to solve it on my own.,Yes,No,1,3,3,3,3,3,3
Yes,"Mathway, Photomath, Symbolab",1,1,1,,,,,,,,,,"Mathway, Photomath, Symbolab",1,1,1,,,,,,,,,,1-10 times per month,Less than 6 months,"Algebra, Integrals, Differential Equations", ,1, , , ,1,1, ,Pure manual calculation,Analyze first and try to solve it on my own.,Yes,No,2,3,2,4,3,5,5
No,Not Applicable,,,,,,,,,,,1,,Not Applicable,,,,,,,,,,,1,,Never,Less than 6 months,Not Applicable, , , , , , , ,1,Pure manual calculation,Analyze first and try to solve it on my own.,Yes,No,1,2,1,3,2,5,1
Yes,"Symbolab, CameraMath",,,1,,,,1,,,,,,Symbolab,,,1,,,,,,,,,,1-10 times per month,More than a year,"Derivatives, Integrals, Differential Equations", , , , ,1,1,1, ,Manual calculation with the aid of AI-powered calculator,Analyze first and try to solve it on my own.,Yes,Yes,3,3,3,3,3,3,3
Yes,"Mathway, Photomath",1,1,,,,,,,,,,,Photomath,,1,,,,,,,,,,,1-10 times per month,More than a year,Algebra, ,1, , , , , , ,Manual calculation with the aid of AI-powered calculator,Analyze first and try to solve it on my own.,Yes,Yes,2,3,3,4,3,3,1
No,Not Applicable,,,,,,,,,,,1,,Not Applicable,,,,,,,,,,,1,,Never,Not Applicable,Not Applicable, , , , , , , ,1,Pure manual calculation,Analyze first and try to solve it on my own.,No,No,1,3,1,5,1,5,1
Yes,"Mathway, Photomath",1,1,,,,,,,,,,,"Mathway, Photomath",1,1,,,,,,,,,,,1-10 times per month,More than a year,"Derivatives, Integrals", , , , ,1,1, , ,Pure manual calculation,Analyze first and try to solve it on my own.,Yes,Yes,4,4,5,1,5,1,1
Yes,Mathway,1,,,,,,,,,,,,Mathway,1,,,,,,,,,,,,1-10 times per month,More than a year,"Algebra, Trigonometry", ,1,1, , , , , ,Pure manual calculation,Use an AI-powered calculator and first understand the given solution.,Yes,Yes,3,5,4,2,4,2,1
Yes,"Mathway, Photomath, Symbolab, Wolfram Alpha",1,1,1,1,,,,,,,,,Symbolab,,,1,,,,,,,,,,1-10 times per month,More than a year,"Algebra, Trigonometry, Derivatives, Integrals", ,1,1, ,1,1, , ,Pure manual calculation,Analyze first and try to solve it on my own.,Yes,Yes,3,5,5,2,5,2,1
Yes,"Mathway, Photomath, Symbolab, Wolfram Alpha",1,1,1,1,,,,,,,,,"Mathway, Symbolab",1,,1,,,,,,,,,,1-10 times per month,More than a year,"Arithmetic, Algebra, Trigonometry",1,1,1, , , , , ,Pure manual calculation,Analyze first and try to solve it on my own.,Yes,Yes,3,4,3,2,4,2,3
Yes,"Mathway, Photomath, Symbolab",1,1,1,,,,,,,,,,Photomath,,1,,,,,,,,,,,1-10 times per month,More than a year,Differential Equations, , , , , , ,1, ,Pure manual calculation,Analyze first and try to solve it on my own.,Yes,Yes,3,3,3,2,3,2,1
Yes,"Mathway, Photomath, Symbolab, Microsoft Math Solver",1,1,1,,,,,,1,,,,"Mathway, Photomath, Symbolab, Microsoft Math Solver",1,1,1,,,,,,1,,,,Once per day,6 months - 1 year,"Algebra, Trigonometry, Derivatives, Integrals, Differential Equations", ,1,1, ,1,1,1, ,Manual calculation with the aid of AI-powered calculator,Analyze first and try to solve it on my own.,Yes,Yes,3,3,2,4,2,3,3
Yes,"Photomath, Symbolab",,1,1,,,,,,,,,,Photomath,,1,,,,,,,,,,,1-5 times a week,More than a year,"Arithmetic, Derivatives, Integrals, Differential Equations",1, , , ,1,1,1, ,Manual calculation with the aid of AI-powered calculator,Analyze first and try to solve it on my own.,Yes,Yes,5,5,5,2,5,1,1
Yes,"Mathway, Photomath, Symbolab, Brilliant",1,1,1,,,,,1,,,,,"Mathway, Photomath, Symbolab",1,1,1,,,,,,,,,,1-10 times per month,More than a year,"Arithmetic, Algebra, Trigonometry, Derivatives, Integrals, Differential Equations",1,1,1, ,1,1,1, ,Pure manual calculation,Use an AI-powered calculator and first understand the given solution.,Yes,Yes,2,5,4,3,4,5,5
Yes,"Photomath, Symbolab",,1,1,,,,,,,,,,Photomath,,1,,,,,,,,,,,1-10 times per month,Less than 6 months,Integrals, , , , , ,1, , ,Manual calculation with the aid of AI-powered calculator,Analyze first and try to solve it on my own.,Yes,Yes,4,4,3,3,3,2,3
Yes,"Mathway, Symbolab",1,,1,,,,,,,,,,Symbolab,,,1,,,,,,,,,,1-10 times per month,Less than 6 months,Derivatives, , , , ,1, , , ,Manual calculation with the aid of AI-powered calculator,Analyze first and try to solve it on my own.,Yes,Yes,3,3,5,5,5,5,3
Yes,Wolfram Alpha,,,,1,,,,,,,,,Wolfram Alpha,,,,1,,,,,,,,,1-10 times per month,6 months - 1 year,Algebra, ,1, , , , , , ,Manual calculation with the aid of AI-powered calculator,Analyze first and try to solve it on my own.,Yes,Yes,3,3,3,2,4,3,2
Yes,Photomath,,1,,,,,,,,,,,Photomath,,1,,,,,,,,,,,1-10 times per month,More than a year,Algebra, ,1, , , , , , ,Pure manual calculation,Analyze first and try to solve it on my own.,Yes,Yes,5,3,5,3,5,1,1
Yes,"Mathway, Photomath",1,1,,,,,,,,,,,Mathway,1,,,,,,,,,,,,1-10 times per month,More than a year,"Algebra, Trigonometry", ,1,1, , , , , ,Manual calculation with the aid of AI-powered calculator,Use an AI-powered calculator and first understand the given solution.,Yes,Yes,3,3,4,2,4,1,1
Yes,"Mathway, Photomath, Symbolab",1,1,1,,,,,,,,,,Photomath,,1,,,,,,,,,,,1-5 times a week,6 months - 1 year,"Trigonometry, Derivatives, Differential Equations", , ,1, ,1, ,1, ,Manual calculation with the aid of AI-powered calculator,Analyze first and try to solve it on my own.,Yes,Yes,3,4,5,2,3,3,4
Yes,Mathway,1,,,,,,,,,,,,Mathway,1,,,,,,,,,,,,1-10 times per month,6 months - 1 year,Algebra, ,1, , , , , , ,Pure manual calculation,Analyze first and try to solve it on my own.,Yes,No,4,4,3,3,3,2,1
Yes,"Mathway, Photomath, Symbolab",1,1,1,,,,,,,,,,Symbolab,,,1,,,,,,,,,,1-10 times per month,More than a year,Numerical Methods, , , ,1, , , , ,Manual calculation with the aid of AI-powered calculator,Use an AI-powered calculator and first understand the given solution.,Yes,Yes,3,5,4,3,3,3,2
Yes,"Mathway, Photomath",1,1,,,,,,,,,,,Photomath,,1,,,,,,,,,,,1-10 times per month,More than a year,"Arithmetic, Algebra",1,1, , , , , , ,Manual calculation with the aid of AI-powered calculator,Use an AI-powered calculator and first understand the given solution.,Yes,Yes,2,2,2,3,4,2,4
Yes,"Mathway, Photomath, Symbolab, Wolfram Alpha",1,1,1,1,,,,,,,,,"Mathway, Symbolab",1,,1,,,,,,,,,,1-5 times a week,More than a year,"Derivatives, Integrals", , , , ,1,1, , ,Manual calculation with the aid of AI-powered calculator,Use an AI-powered calculator and first understand the given solution.,Yes,Yes,5,5,5,3,3,2,3
Yes,"Mathway, Photomath, Symbolab",1,1,1,,,,,,,,,,Mathway,1,,,,,,,,,,,,1-10 times per month,6 months - 1 year,"Algebra, Trigonometry, Differential Equations", ,1,1, , , ,1, ,Pure AI-powered calculator,Use an AI-powered calculator and first understand the given solution.,Yes,No,3,3,3,3,3,3,3
Yes,"Mathway, Photomath, Symbolab",1,1,1,,,,,,,,,,Photomath,,1,,,,,,,,,,,1-10 times per month,Less than 6 months,"Arithmetic, Algebra, Trigonometry",1,1,1, , , , , ,Manual calculation with the aid of AI-powered calculator,Use an AI-powered calculator and first understand the given solution.,Yes,Yes,3,3,3,3,3,3,3
Yes,Symbolab,,,1,,,,,,,,,,Symbolab,,,1,,,,,,,,,,1-5 times a week,Less than 6 months,"Arithmetic, Algebra",1,1, , , , , , ,Manual calculation with the aid of AI-powered calculator,Analyze first and try to solve it on my own.,No,Yes,3,4,5,3,2,4,2
Yes,Mathway,1,,,,,,,,,,,,"Mathway, Microsoft Math Solver",1,,,,,,,,1,,,,1-10 times per month,More than a year,Differential Equations, , , , , , ,1, ,Pure manual calculation,Analyze first and try to solve it on my own.,Yes,Yes,2,4,5,3,4,1,1
Yes,"Mathway, Photomath, Wolfram Alpha",1,1,,1,,,,,,,,,Mathway,1,,,,,,,,,,,,1-10 times per month,More than a year,Algebra, ,1, , , , , , ,Pure AI-powered calculator,Analyze first and try to solve it on my own.,No,No,2,2,2,5,2,5,1
Yes,"Mathway, Photomath",1,1,,,,,,,,,,,Photomath,,1,,,,,,,,,,,1-10 times per month,More than a year,Algebra, ,1, , , , , , ,Manual calculation with the aid of AI-powered calculator,Use an AI-powered calculator and first understand the given solution.,Yes,Yes,3,4,4,2,4,3,1
Yes,Symbolab,,,1,,,,,,,,,,Photomath,,1,,,,,,,,,,,1-10 times per month,6 months - 1 year,Integrals, , , , , ,1, , ,Manual calculation with the aid of AI-powered calculator,Use an AI-powered calculator and first understand the given solution.,Yes,Yes,4,4,3,2,5,5,4
Yes,Socratic,,,,,1,,,,,,,,Socratic,,,,,1,,,,,,,,Once per day,Less than 6 months,Derivatives, , , , ,1, , , ,Manual calculation with the aid of AI-powered calculator,Use an AI-powered calculator and first understand the given solution.,Yes,Yes,4,4,4,4,3,4,4
Yes,Socratic,,,,,1,,,,,,,,Socratic,,,,,1,,,,,,,,Once per day,6 months - 1 year,Algebra, ,1, , , , , , ,Pure manual calculation,Analyze first and try to solve it on my own.,Yes,Yes,4,3,3,3,5,4,3
Yes,"Mathway, Photomath",1,1,,,,,,,,,,,Photomath,,1,,,,,,,,,,,Once per day,Less than 6 months,"Algebra, Differential Equations", ,1, , , , ,1, ,Manual calculation with the aid of AI-powered calculator,Analyze first and try to solve it on my own.,Yes,No,2,2,2,2,2,2,2
Yes,Microsoft Math Solver,,,,,,,,,1,,,,Microsoft Math Solver,,,,,,,,,1,,,,1-10 times per month,Less than 6 months,Arithmetic,1, , , , , , , ,Pure manual calculation,Analyze first and try to solve it on my own.,Yes,Yes,5,5,4,5,5,5,5
Yes,"Photomath, Brilliant, Microsoft Math Solver",,1,,,,,,1,1,,,,"Mathway, Photomath, Maple Calculator, Microsoft Math Solver",1,1,,,,1,,,1,,,,1-5 times a week,Less than 6 months,"Arithmetic, Algebra, Trigonometry",1,1,1, , , , , ,Manual calculation with the aid of AI-powered calculator,Use an AI-powered calculator and first understand the given solution.,Yes,Yes,4,4,4,4,3,3,2
Yes,Photomath,,1,,,,,,,,,,,Photomath,,1,,,,,,,,,,,1-10 times per month,More than a year,"Arithmetic, Algebra",1,1, , , , , , ,Pure manual calculation,Analyze first and try to solve it on my own.,No,Yes,2,2,2,3,3,4,4
No,"Not Applicable, Scientific Calculator",,,,,,,,,,,1,1,"Not Applicable, Scientific Calculator",,,,,,,,,,,1,,Never,Not Applicable,Not Applicable, , , , , , , ,1,Pure manual calculation,Analyze first and try to solve it on my own.,Yes,Yes,3,5,4,4,4,3,3
Yes,"Mathway, Photomath",1,1,,,,,,,,,,,"Mathway, Photomath",1,1,,,,,,,,,,,1-5 times a week,Less than 6 months,Algebra, ,1, , , , , , ,Pure manual calculation,Analyze first and try to solve it on my own.,Yes,No,3,3,2,3,4,3,2
No,Not Applicable,,,,,,,,,,,1,,Not Applicable,,,,,,,,,,,1,,Never,Not Applicable,Not Applicable, , , , , , , ,1,Pure manual calculation,Analyze first and try to solve it on my own.,No,No,1,1,1,1,1,1,1
No,Not Applicable,,,,,,,,,,,1,,Not Applicable,,,,,,,,,,,1,,Never,Not Applicable,Not Applicable, , , , , , , ,1,Pure manual calculation,Analyze first and try to solve it on my own.,No,No,1,1,1,1,1,1,1
Yes,"Mathway, Photomath",1,1,,,,,,,,,,,Photomath,,1,,,,,,,,,,,1-10 times per month,Less than 6 months,Algebra, ,1, , , , , , ,Manual calculation with the aid of AI-powered calculator,Analyze first and try to solve it on my own.,Yes,Yes,2,4,3,1,4,4,1
Yes,Mathway,1,,,,,,,,,,,,Mathway,1,,,,,,,,,,,,1-10 times per month,Less than 6 months,"Arithmetic, Algebra",1,1, , , , , , ,Manual calculation with the aid of AI-powered calculator,Analyze first and try to solve it on my own.,Yes,Yes,2,2,2,1,2,2,1
Yes,"Mathway, Photomath",1,1,,,,,,,,,,,Mathway,1,,,,,,,,,,,,1-10 times per month,Less than 6 months,Integrals, , , , , ,1, , ,Manual calculation with the aid of AI-powered calculator,Use an AI-powered calculator and first understand the given solution.,Yes,Yes,3,2,3,5,4,5,3
Yes,"Mathway, Symbolab",1,,1,,,,,,,,,,"Mathway, Photomath",1,1,,,,,,,,,,,1-5 times a week,Less than 6 months,"Algebra, Trigonometry, Derivatives", ,1,1, ,1, , , ,Manual calculation with the aid of AI-powered calculator,Use an AI-powered calculator and first understand the given solution.,Yes,Yes,4,4,4,3,4,2,4
Yes,Mathway,1,,,,,,,,,,,,Mathway,1,,,,,,,,,,,,1-10 times per month,Less than 6 months,Algebra, ,1, , , , , , ,Manual calculation with the aid of AI-powered calculator,Use an AI-powered calculator and first understand the given solution.,Yes,Yes,3,5,4,2,5,1,2
Yes,"Mathway, Photomath, Symbolab",1,1,1,,,,,,,,,,"Photomath, Symbolab",,1,1,,,,,,,,,,1-10 times per month,6 months - 1 year,"Algebra, Derivatives, Integrals", ,1, , ,1,1, , ,Manual calculation with the aid of AI-powered calculator,Use an AI-powered calculator and first understand the given solution.,Yes,Yes,4,4,4,3,4,2,2
No,Not Applicable,,,,,,,,,,,1,,Not Applicable,,,,,,,,,,,1,,Never,Not Applicable,Not Applicable, , , , , , , ,1,Pure manual calculation,Analyze first and try to solve it on my own.,No,No,1,1,1,3,1,3,5
Yes,"Mathway, Symbolab",1,,1,,,,,,,,,,"Mathway, Symbolab",1,,1,,,,,,,,,,1-10 times per month,Less than 6 months,"Algebra, Derivatives, Integrals", ,1, , ,1,1, , ,Pure manual calculation,Use an AI-powered calculator and first understand the given solution.,Yes,Yes,3,3,3,3,3,1,2
Yes,"Mathway, Photomath, Socratic",1,1,,,1,,,,,,,,"Mathway, Photomath, Socratic",1,1,,,1,,,,,,,,1-5 times a week,6 months - 1 year,"Algebra, Trigonometry, Derivatives, Integrals", ,1,1, ,1,1, , ,Manual calculation with the aid of AI-powered calculator,Use an AI-powered calculator and first understand the given solution.,Yes,Yes,5,4,3,1,4,2,1
Yes,"Mathway, Photomath, Symbolab",1,1,1,,,,,,,,,,"Mathway, Symbolab",1,,1,,,,,,,,,,2-10 times a day,More than a year,"Algebra, Trigonometry, Derivatives, Integrals", ,1,1, ,1,1, , ,Pure manual calculation,Use an AI-powered calculator and first understand the given solution.,Yes,Yes,5,5,4,3,5,2,2
Yes,"Mathway, Symbolab",1,,1,,,,,,,,,,"Mathway, Symbolab",1,,1,,,,,,,,,,1-10 times per month,6 months - 1 year,Trigonometry, , ,1, , , , , ,Pure manual calculation,Use an AI-powered calculator and first understand the given solution.,Yes,Yes,4,4,3,2,4,2,2
No,Not Applicable,,,,,,,,,,,1,,Not Applicable,,,,,,,,,,,1,,Never,Not Applicable,Not Applicable, , , , , , , ,1,Pure manual calculation,Analyze first and try to solve it on my own.,No,No,1,1,1,3,1,3,3
Yes,"Mathway, Photomath, Symbolab",1,1,1,,,,,,,,,,"Mathway, Photomath, Symbolab",1,1,1,,,,,,,,,,1-10 times per month,Less than 6 months,Algebra, ,1, , , , , , ,Pure manual calculation,Analyze first and try to solve it on my own.,Yes,Yes,2,3,4,2,4,1,2
Yes,"Mathway, Photomath, Symbolab",1,1,1,,,,,,,,,,Symbolab,,,1,,,,,,,,,,1-5 times a week,More than a year,"Derivatives, Integrals, Differential Equations", , , , ,1,1,1, ,Pure manual calculation,Analyze first and try to solve it on my own.,Yes,Yes,4,3,3,2,3,4,1
Yes,"Mathway, Photomath",1,1,,,,,,,,,,,"Mathway, Photomath",1,1,,,,,,,,,,,More than 10 times a day,More than a year,"Arithmetic, Algebra, Derivatives, Integrals",1,1, , ,1,1, , ,Pure AI-powered calculator,Use an AI-powered calculator and first understand the given solution.,Yes,Yes,4,3,4,4,3,2,3
Yes,Mathway,1,,,,,,,,,,,,Mathway,1,,,,,,,,,,,,1-10 times per month,More than a year,Derivatives, , , , ,1, , , ,Pure manual calculation,Analyze first and try to solve it on my own.,Yes,Yes,2,3,4,5,3,2,1
Yes,"Mathway, Photomath, Symbolab, MathPapa",1,1,1,,,,,,,,,,Symbolab,,,1,,,,,,,,,,1-10 times per month,6 months - 1 year,"Trigonometry, Derivatives, Integrals, Differential Equations", , ,1, ,1,1,1, ,Pure manual calculation,Analyze first and try to solve it on my own.,Yes,Yes,3,4,3,3,3,4,1
Yes,Photomath,,1,,,,,,,,,,,Photomath,,1,,,,,,,,,,,1-10 times per month,Less than 6 months,"Trigonometry, Derivatives, Integrals, Differential Equations", , ,1, ,1,1,1, ,Manual calculation with the aid of AI-powered calculator,Analyze first and try to solve it on my own.,Yes,Yes,2,3,4,5,3,3,2
Yes,"Photomath, Symbolab",,1,1,,,,,,,,,,Symbolab,,,1,,,,,,,,,,1-10 times per month,Less than 6 months,Derivatives, , , , ,1, , , ,Pure manual calculation,Analyze first and try to solve it on my own.,Yes,Yes,3,4,4,3,3,3,4
Yes,"Mathway, Photomath, Symbolab, Wolfram Alpha",1,1,1,1,,,,,,,,,Symbolab,,,1,,,,,,,,,,1-10 times per month,6 months - 1 year,Derivatives, , , , ,1, , , ,Pure manual calculation,Analyze first and try to solve it on my own.,Yes,Yes,3,3,3,3,3,3,3
Yes,"Mathway, Photomath,",1,1,,,,,,,,,,,Photomath,,1,,,,,,,,,,,1-10 times per month,Less than 6 months,Integrals, , , , , ,1, , ,Pure manual calculation,Use an AI-powered calculator and first understand the given solution.,Yes,Yes,2,4,4,1,4,3,1
Yes,"Mathway, Photomath, Symbolab",1,1,1,,,,,,,,,,"Mathway, Photomath",1,1,,,,,,,,,,,1-10 times per month,Less than 6 months,"Integrals, Differential Equations", , , , , ,1,1, ,Pure manual calculation,Analyze first and try to solve it on my own.,Yes,Yes,4,4,4,1,4,3,1
Yes,"Mathway, Photomath",1,1,,,,,,,,,,,"Mathway, Photomath",1,1,,,,,,,,,,,1-10 times per month,Less than 6 months,"Derivatives, Integrals", , , , ,1,1, , ,Pure manual calculation,Analyze first and try to solve it on my own.,Yes,Yes,4,4,4,1,4,3,1
Yes,"Mathway, Symbolab",1,,1,,,,,,,,,,"Mathway, Symbolab",1,,1,,,,,,,,,,1-10 times per month,Less than 6 months,"Derivatives, Integrals, Differential Equations", , , , ,1,1,1, ,Pure manual calculation,Analyze first and try to solve it on my own.,Yes,Yes,3,4,4,3,3,3,4
Yes,Mathway,1,,,,,,,,,,,,Mathway,1,,,,,,,,,,,,1-10 times per month,More than a year,Trigonometry, , ,1, , , , , ,Manual calculation with the aid of AI-powered calculator,Analyze first and try to solve it on my own.,Yes,Yes,2,2,2,2,2,2,2
Yes,Photomath,,1,,,,,,,,,,,Photomath,,1,,,,,,,,,,,1-10 times per month,Less than 6 months,Arithmetic,1, , , , , , , ,Manual calculation with the aid of AI-powered calculator,Analyze first and try to solve it on my own.,Yes,Yes,2,2,2,2,4,3,1
Yes,"Mathway, Photomath, Symbolab, Wolfram Alpha, Microsoft Math Solver",1,1,1,1,,,,,1,,,,"Mathway, Photomath",1,1,,,,,,,,,,,1-5 times a week,More than a year,"Trigonometry, Derivatives, Integrals, Differential Equations", , ,1, ,1,1,1, ,Manual calculation with the aid of AI-powered calculator,Use an AI-powered calculator and first understand the given solution.,Yes,Yes,5,4,3,2,4,2,2
Yes,"Mathway, CameraMath",1,,,,,,1,,,,,,"Mathway, CameraMath",1,,,,,,1,,,,,,1-10 times per month,Less than 6 months,"Arithmetic, Integrals, Differential Equations",1, , , , ,1,1, ,Manual calculation with the aid of AI-powered calculator,Use an AI-powered calculator and first understand the given solution.,Yes,Yes,2,3,4,2,2,3,3
Yes,"Mathway, Photomath, Symbolab",1,1,1,,,,,,,,,,"Photomath, Symbolab",,1,1,,,,,,,,,,1-10 times per month,More than a year,Algebra, ,1, , , , , , ,Manual calculation with the aid of AI-powered calculator,Analyze first and try to solve it on my own.,Yes,Yes,5,4,4,3,3,2,5
Yes,Socratic,,,,,1,,,,,,,,Socratic,,,,,1,,,,,,,,1-10 times per month,Less than 6 months,Derivatives, , , , ,1, , , ,Pure manual calculation,Analyze first and try to solve it on my own.,Yes,Yes,4,4,5,4,4,3,3
Yes,"Mathway, Socratic",1,,,,1,,,,,,,,Mathway,1,,,,,,,,,,,,1-5 times a week,Less than 6 months,Arithmetic,1, , , , , , , ,Pure manual calculation,Use an AI-powered calculator and first understand the given solution.,Yes,Yes,4,4,4,3,4,3,2
Yes,"Mathway, Photomath",1,1,,,,,,,,,,,Photomath,,1,,,,,,,,,,,1-10 times per month,More than a year,"Derivatives, Integrals, Differential Equations", , , , ,1,1,1, ,Manual calculation with the aid of AI-powered calculator,Analyze first and try to solve it on my own.,No,Yes,4,4,3,2,2,4,3
Yes,"Mathway, Photomath",1,1,,,,,,,,,,,"Mathway, Photomath",1,1,,,,,,,,,,,1-10 times per month,More than a year,"Trigonometry, Derivatives, Integrals, Differential Equations", , ,1, ,1,1,1, ,Pure manual calculation,Use an AI-powered calculator and first understand the given solution.,Yes,Yes,3,4,4,2,4,1,1
Yes,"Mathway, Photomath",1,1,,,,,,,,,,,Mathway,1,,,,,,,,,,,,1-10 times per month,More than a year,"Trigonometry, Derivatives, Integrals, Differential Equations", , ,1, ,1,1,1, ,Manual calculation with the aid of AI-powered calculator,Analyze first and try to solve it on my own.,No,No,3,2,1,5,2,2,1
Yes,"Symbolab, CameraMath",,,1,,,,1,,,,,,CameraMath,,,,,,,1,,,,,,2-10 times a day,6 months - 1 year,Algebra, ,1, , , , , , ,Pure AI-powered calculator,Use an AI-powered calculator and first understand the given solution.,Yes,Yes,2,2,3,4,3,3,2
Yes,Symbolab,,,1,,,,,,,,,,Symbolab,,,1,,,,,,,,,,More than 10 times a day,Less than 6 months,"Algebra, Trigonometry", ,1,1, , , , , ,Pure manual calculation,Use an AI-powered calculator and first understand the given solution.,Yes,Yes,3,3,3,2,2,3,3
Yes,"Photomath, Symbolab",,1,1,,,,,,,,,,"Photomath, Symbolab",,1,1,,,,,,,,,,1-5 times a week,6 months - 1 year,"Derivatives, Integrals, Differential Equations", , , , ,1,1,1, ,Manual calculation with the aid of AI-powered calculator,Analyze first and try to solve it on my own.,Yes,Yes,3,4,4,3,4,2,3
Yes,"Mathway, Photomath, Symbolab",1,1,1,,,,,,,,,,"Mathway, Symbolab",1,,1,,,,,,,,,,1-10 times per month,More than a year,"Trigonometry, Derivatives, Differential Equations", , ,1, ,1, ,1, ,Manual calculation with the aid of AI-powered calculator,Analyze first and try to solve it on my own.,Yes,Yes,3,4,3,3,3,4,1
Yes,"Mathway, Photomath",1,1,,,,,,,,,,,"Mathway, Photomath",1,1,,,,,,,,,,,1-10 times per month,More than a year,"Trigonometry, Derivatives, Integrals", , ,1, ,1,1, , ,Pure manual calculation,Analyze first and try to solve it on my own.,No,Yes,3,3,4,3,3,1,3
Yes,Mathway,1,,,,,,,,,,,,Mathway,1,,,,,,,,,,,,1-10 times per month,6 months - 1 year,"Derivatives, Integrals", , , , ,1,1, , ,Pure manual calculation,Analyze first and try to solve it on my own.,Yes,No,2,2,3,3,2,5,5
Yes,"Mathway, Photomath",1,1,,,,,,,,,,,"Mathway, Photomath",1,1,,,,,,,,,,,1-10 times per month,More than a year,"Algebra, Trigonometry, Derivatives, Integrals", ,1,1, ,1,1, , ,Pure manual calculation,Analyze first and try to solve it on my own.,Yes,Yes,4,4,4,4,5,3,3
Yes,"Mathway, Photomath, Symbolab",1,1,1,,,,,,,,,,"Mathway, Symbolab",1,,1,,,,,,,,,,1-10 times per month,More than a year,Trigonometry, , ,1, , , , , ,Manual calculation with the aid of AI-powered calculator,Use an AI-powered calculator and first understand the given solution.,Yes,Yes,5,4,4,3,5,3,5
Yes,Photomath,,1,,,,,,,,,,,Photomath,,1,,,,,,,,,,,Never,More than a year,"Arithmetic, Algebra",1,1, , , , , , ,Pure manual calculation,Analyze first and try to solve it on my own.,No,Yes,2,2,2,3,3,4,4
Yes,Photomath,,1,,,,,,,,,,,Photomath,,1,,,,,,,,,,,1-10 times per month,More than a year,"Integrals, Differential Equations", , , , , ,1,1, ,Manual calculation with the aid of AI-powered calculator,Use an AI-powered calculator and first understand the given solution.,Yes,Yes,2,5,4,2,4,4,1
Yes,"Mathway, Photomath, Symbolab, Wolfram Alpha",1,1,1,1,,,,,,,,,"Mathway, Wolfram Alpha",1,,,1,,,,,,,,,1-10 times per month,More than a year,"Derivatives, Integrals", , , , ,1,1, , ,Pure manual calculation,Use an AI-powered calculator and first understand the given solution.,Yes,Yes,4,4,4,2,4,1,1
Yes,Microsoft Math Solver,,,,,,,,,1,,,,Microsoft Math Solver,,,,,,,,,1,,,,1-10 times per month,More than a year,Arithmetic,1, , , , , , , ,Pure manual calculation,Analyze first and try to solve it on my own.,Yes,Yes,5,5,4,5,5,5,5
Yes,"Mathway, Photomath, Symbolab, Wolfram Alpha",1,1,1,1,,,,,,,,,"Mathway, Photomath",1,1,,,,,,,,,,,1-10 times per month,More than a year,"Trigonometry, Derivatives, Integrals, Differential Equations", , ,1, ,1,1,1, ,Manual calculation with the aid of AI-powered calculator,Analyze first and try to solve it on my own.,Yes,Yes,4,5,5,2,5,1,1
Yes,Mathway,1,,,,,,,,,,,,Mathway,1,,,,,,,,,,,,1-10 times per month,More than a year,"Trigonometry, Derivatives, Integrals, Differential Equations", , ,1, ,1,1,1, ,Pure manual calculation,Analyze first and try to solve it on my own.,Yes,Yes,3,3,3,1,4,1,1
Yes,"Photomath, CameraMath, Brilliant, Microsoft Math Solver",,1,,,,,1,1,1,,,,"Mathway, Photomath, Maple Calculator, Microsoft Math Solver",1,1,,,,1,,,1,,,,1-5 times a week,Less than 6 months,"Arithmetic, Algebra, Trigonometry",1,1,1, , , , , ,Manual calculation with the aid of AI-powered calculator,Use an AI-powered calculator and first understand the given solution.,Yes,Yes,4,4,4,4,3,3,2
Yes,"Mathway, Photomath, Symbolab, Maple Calculator",1,1,1,,,1,,,,,,,"Mathway, Photomath",1,1,,,,,,,,,,,1-10 times per month,More than a year,"Derivatives, Integrals, Differential Equations", , , , ,1,1,1, ,Manual calculation with the aid of AI-powered calculator,Use an AI-powered calculator and first understand the given solution.,Yes,Yes,4,4,4,2,4,2,2
Yes,Socratic,,,,,1,,,,,,,,Socratic,,,,,1,,,,,,,,Once per day,Less than 6 months,Derivatives, , , , ,1, , , ,Manual calculation with the aid of AI-powered calculator,Use an AI-powered calculator and first understand the given solution.,Yes,Yes,4,4,4,4,3,4,4
Yes,CameraMath,,,,,,,1,,,,,,Socratic,,,,,1,,,,,,,,Once per day,6 months - 1 year,Algebra, ,1, , , , , , ,Pure manual calculation,Analyze first and try to solve it on my own.,Yes,Yes,4,3,3,3,5,4,3
Yes,"Mathway, Photomath",1,1,,,,,,,,,,,Photomath,,1,,,,,,,,,,,Once per day,Less than 6 months,"Algebra, Differential Equations", ,1, , , , ,1, ,Manual calculation with the aid of AI-powered calculator,Analyze first and try to solve it on my own.,Yes,Yes,2,2,2,2,2,2,2
Yes,"Mathway, Photomath, Symbolab, Wolfram Alpha",1,1,1,1,,,,,,,,,"Mathway, Symbolab",1,,1,,,,,,,,,,1-10 times per month,More than a year,"Algebra, Trigonometry, Derivatives, Integrals", ,1,1, ,1,1, , ,Manual calculation with the aid of AI-powered calculator,Analyze first and try to solve it on my own.,Yes,Yes,4,4,5,3,3,2,5
Yes,"Mathway, Photomath, Symbolab",1,1,1,,,,,,,,,,"Mathway, Photomath",1,1,,,,,,,,,,,1-10 times per month,More than a year,"Algebra, Trigonometry, Derivatives, Differential Equations", ,1,1, ,1, ,1, ,Manual calculation with the aid of AI-powered calculator,Analyze first and try to solve it on my own.,Yes,Yes,4,4,3,3,4,3,1
Yes,"Mathway, Photomath, Symbolab",1,1,1,,,,,,,,,,Symbolab,,,1,,,,,,,,,,1-10 times per month,More than a year,"Derivatives, Integrals", , , , ,1,1, , ,Manual calculation with the aid of AI-powered calculator,Analyze first and try to solve it on my own.,Yes,Yes,4,5,5,2,4,3,1
Yes,"Mathway, Photomath, Symbolab",1,1,1,,,,,,,,,,Symbolab,,,1,,,,,,,,,,Once per day,6 months - 1 year,"Derivatives, Integrals, Differential Equations", , , , ,1,1,1, ,Pure AI-powered calculator,Use an AI-powered calculator and first understand the given solution.,Yes,Yes,4,4,4,4,4,4,4
Yes,"Photomath, Wolfram Alpha, Socratic",,1,,1,1,,,,,,,,"Photomath, Socratic",,1,,,1,,,,,,,,1-10 times per month,More than a year,"Derivatives, Integrals", , , , ,1,1, , ,Manual calculation with the aid of AI-powered calculator,Use an AI-powered calculator and first understand the given solution.,Yes,Yes,3,3,3,3,4,5,2
Yes,"Mathway, Symbolab, Wolfram Alpha",1,,1,1,,,,,,,,,"Mathway, Wolfram Alpha",1,,,1,,,,,,,,,1-10 times per month,6 months - 1 year,"Derivatives, Integrals", , , , ,1,1, , ,Manual calculation with the aid of AI-powered calculator,Use an AI-powered calculator and first understand the given solution.,Yes,Yes,4,3,3,2,3,1,2
Yes,"Mathway, Photomath, Symbolab",1,1,1,,,,,,,,,,"Mathway, Photomath, Symbolab",1,1,1,,,,,,,,,,1-10 times per month,More than a year,"Arithmetic, Algebra, Trigonometry, Derivatives, Integrals, Differential Equations",1,1,1, ,1,1,1, ,Manual calculation with the aid of AI-powered calculator,Analyze first and try to solve it on my own.,Yes,No,3,3,3,4,3,2,2
Yes,"Mathway, Photomath, Symbolab, Wolfram Alpha, Socratic, Brilliant, Microsoft Math Solver",1,1,1,1,1,,,1,1,,,,"Mathway, Photomath, Symbolab, Wolfram Alpha, Socratic, Brilliant, Microsoft Math Solver",1,1,1,1,1,,,1,1,,,,1-10 times per month,More than a year,"Derivatives, Integrals, Differential Equations", , , , ,1,1,1, ,Manual calculation with the aid of AI-powered calculator,Analyze first and try to solve it on my own.,Yes,Yes,4,4,4,3,4,3,4
Yes,"Mathway, Symbolab, Socratic",1,,1,,1,,,,,,,,"Mathway, Symbolab, Maple Calculator",1,,1,,,1,,,,,,,1-5 times a week,More than a year,"Trigonometry, Integrals", , ,1, , ,1, , ,Manual calculation with the aid of AI-powered calculator,Use an AI-powered calculator and first understand the given solution.,Yes,Yes,3,5,4,4,5,1,1
Yes,"Mathway, Photomath, Wolfram Alpha",1,1,,1,,,,,,,,,"Mathway, Photomath, Wolfram Alpha",1,1,,1,,,,,,,,,1-5 times a week,More than a year,"Arithmetic, Algebra, Trigonometry, Derivatives, Integrals, Differential Equations",1,1,1, ,1,1,1, ,Pure manual calculation,Analyze first and try to solve it on my own.,Yes,Yes,4,5,4,3,4,1,1
No,Symbolab,,,1,,,,,,,,,,Symbolab,,,1,,,,,,,,,,1-5 times a week,Less than 6 months,"Trigonometry, Derivatives", , ,1, ,1, , , ,Pure manual calculation,Use an AI-powered calculator and first understand the given solution.,Yes,Yes,4,4,4,4,3,3,1
Yes,"Mathway, Photomath, Symbolab, Wolfram Alpha",1,1,1,1,,,,,,,,,Symbolab,,,1,,,,,,,,,,2-10 times a day,More than a year,"Algebra, Trigonometry, Derivatives, Integrals", ,1,1, ,1,1, , ,Pure manual calculation,Analyze first and try to solve it on my own.,Yes,Yes,4,3,3,3,4,4,1
Yes,"Mathway, Photomath, Symbolab, Wolfram Alpha",1,1,1,1,,,,,,,,,Symbolab,,,1,,,,,,,,,,1-5 times a week,More than a year,Integrals, , , , , ,1, , ,Manual calculation with the aid of AI-powered calculator,Analyze first and try to solve it on my own.,Yes,Yes,4,4,4,4,4,4,4
Yes,"Mathway, Photomath, Symbolab, Wolfram Alpha",1,1,1,1,,,,,,,,,"Mathway, Symbolab",1,,1,,,,,,,,,,1-10 times per month,More than a year,"Algebra, Trigonometry, Integrals", ,1,1, , ,1, , ,Manual calculation with the aid of AI-powered calculator,Analyze first and try to solve it on my own.,Yes,Yes,3,4,5,3,4,2,5
Yes,Photomath,,1,,,,,,,,,,,Photomath,,1,,,,,,,,,,,1-5 times a week,More than a year,"Derivatives, Integrals, Differential Equations", , , , ,1,1,1, ,Manual calculation with the aid of AI-powered calculator,Analyze first and try to solve it on my own.,Yes,Yes,4,4,4,2,4,1,1
Yes,"Mathway, Photomath, Symbolab, Socratic",1,1,1,,1,,,,,,,,"Mathway, Photomath",1,1,,,,,,,,,,,More than 10 times a day,More than a year,"Derivatives, Integrals, Differential Equations", , , , ,1,1,1, ,Pure manual calculation,Analyze first and try to solve it on my own.,Yes,Yes,5,5,5,1,5,2,1
Yes,"Mathway, Photomath",1,1,,,,,,,,,,,"Mathway, Photomath",1,1,,,,,,,,,,,1-10 times per month,Less than 6 months,"Trigonometry, Integrals", , ,1, , ,1, , ,Manual calculation with the aid of AI-powered calculator,Use an AI-powered calculator and first understand the given solution.,Yes,Yes,3,5,5,2,5,2,1
Yes,"Photomath, Symbolab",,1,1,,,,,,,,,,"Photomath, Symbolab",,1,1,,,,,,,,,,2-10 times a day,More than a year,"Trigonometry, Derivatives", , ,1, ,1, , , ,Pure manual calculation,Analyze first and try to solve it on my own.,Yes,Yes,5,5,4,2,5,1,1
Yes,"Mathway, Photomath, Symbolab, Socratic, MyScript",1,1,1,,1,,,,,1,,,"Mathway, Photomath, Symbolab, MyScript",1,1,1,,,,,,,1,,,1-10 times per month,More than a year,"Trigonometry, Numerical Methods, Derivatives, Integrals", , ,1,1,1,1, , ,Manual calculation with the aid of AI-powered calculator,Analyze first and try to solve it on my own.,Yes,Yes,5,5,4,2,4,2,2
Yes,Symbolab,,,1,,,,,,,,,,Symbolab,,,1,,,,,,,,,,1-10 times per month,Less than 6 months,Derivatives, , , , ,1, , , ,Pure manual calculation,Use an AI-powered calculator and first understand the given solution.,Yes,Yes,3,5,4,3,4,2,1
Yes,"Mathway, Photomath, Symbolab",1,1,1,,,,,,,,,,"Mathway, Photomath, Symbolab",1,1,1,,,,,,,,,,1-5 times a week,Less than 6 months,"Algebra, Trigonometry", ,1,1, , , , , ,Pure manual calculation,Analyze first and try to solve it on my own.,Yes,Yes,5,5,5,3,4,2,2
Yes,"Mathway, Symbolab",1,,1,,,,,,,,,,"Mathway, Symbolab",1,,1,,,,,,,,,,1-10 times per month,6 months - 1 year,Trigonometry, , ,1, , , , , ,Pure manual calculation,Analyze first and try to solve it on my own.,Yes,Yes,4,4,3,2,4,2,2
Yes,Mathway,1,,,,,,,,,,,,Mathway,1,,,,,,,,,,,,1-10 times per month,Less than 6 months,Integrals, , , , , ,1, , ,Pure manual calculation,Analyze first and try to solve it on my own.,No,Yes,3,3,4,5,3,4,1
Yes,"Mathway, Symbolab, Wolfram Alpha",1,,1,1,,,,,,,,,Symbolab,,,1,,,,,,,,,,2-10 times a day,More than a year,"Trigonometry, Numerical Methods, Derivatives, Integrals", , ,1,1,1,1, , ,Manual calculation with the aid of AI-powered calculator,Analyze first and try to solve it on my own.,Yes,Yes,4,3,3,1,4,3,1
Yes,"Mathway, Symbolab, Wolfram Alpha",1,,1,1,,,,,,,,,"Mathway, Symbolab",1,,1,,,,,,,,,,1-10 times per month,More than a year,"Derivatives, Integrals", , , , ,1,1, , ,Manual calculation with the aid of AI-powered calculator,Use an AI-powered calculator and first understand the given solution.,Yes,Yes,3,4,5,3,4,3,2
No,Not Applicable,,,,,,,,,,,1,,Not Applicable,,,,,,,,,,,1,,Never,Not Applicable,Not Applicable, , , , , , , ,1,Pure manual calculation,Analyze first and try to solve it on my own.,No,No,1,1,1,3,1,3,1
No,Not Applicable,,,,,,,,,,,1,,Not Applicable,,,,,,,,,,,1,,Never,Not Applicable,Not Applicable, , , , , , , ,1,Pure manual calculation,Analyze first and try to solve it on my own.,No,No,1,1,1,1,1,1,1
Yes,"Mathway, Photomath",1,1,,,,,,,,,,,"Mathway, Photomath",1,1,,,,,,,,,,,1-10 times per month,Less than 6 months,Trigonometry, , ,1, , , , , ,Pure manual calculation,Analyze first and try to solve it on my own.,Yes,Yes,5,5,5,3,5,2,2
Yes,Mathway,1,,,,,,,,,,,,Mathway,1,,,,,,,,,,,,1-10 times per month,Less than 6 months,"Derivatives, Integrals", , , , ,1,1, , ,Pure manual calculation,Analyze first and try to solve it on my own.,Yes,Yes,4,4,3,2,4,1,1
Yes,Mathway,1,,,,,,,,,,,,Mathway,1,,,,,,,,,,,,1-10 times per month,Less than 6 months,Trigonometry, , ,1, , , , , ,Pure manual calculation,Analyze first and try to solve it on my own.,Yes,Yes,3,3,4,2,4,2,3
Yes,"Photomath, Wolfram Alpha",,1,,1,,,,,,,,,Wolfram Alpha,,,,1,,,,,,,,,1-5 times a week,More than a year,Differential Equations, , , , , , ,1, ,Pure manual calculation,Analyze first and try to solve it on my own.,Yes,Yes,4,5,5,1,5,1,1
Yes,"Mathway, Photomath",1,1,,,,,,,,,,,Photomath,,1,,,,,,,,,,,1-10 times per month,Less than 6 months,Algebra, ,1, , , , , , ,Manual calculation with the aid of AI-powered calculator,Analyze first and try to solve it on my own.,Yes,Yes,2,4,3,1,4,4,1
Yes,Mathway,1,,,,,,,,,,,,Mathway,1,,,,,,,,,,,,1-10 times per month,Less than 6 months,"Arithmetic, Algebra",1,1, , , , , , ,Pure manual calculation,Analyze first and try to solve it on my own.,Yes,Yes,2,2,2,1,2,2,1
Yes,"Mathway, Photomath",1,1,,,,,,,,,,,Mathway,1,,,,,,,,,,,,1-10 times per month,Less than 6 months,Integrals, , , , , ,1, , ,Manual calculation with the aid of AI-powered calculator,Use an AI-powered calculator and first understand the given solution.,Yes,Yes,3,2,3,5,4,5,3
Yes,"Mathway, Photomath, Symbolab, Wolfram Alpha, Socratic",1,1,1,1,1,,,,,,,,"Mathway, Photomath, Symbolab, Wolfram Alpha, Socratic",1,1,1,1,1,,,,,,,,1-5 times a week,More than a year,"Derivatives, Integrals, Differential Equations", , , , ,1,1,1, ,Pure manual calculation,Use an AI-powered calculator and first understand the given solution.,Yes,Yes,4,4,4,3,3,1,1
Yes,Mathway,1,,,,,,,,,,,,Mathway,1,,,,,,,,,,,,1-10 times per month,6 months - 1 year,"Arithmetic, Algebra",1,1, , , , , , ,Manual calculation with the aid of AI-powered calculator,Use an AI-powered calculator and first understand the given solution.,Yes,Yes,4,4,3,3,4,2,2
Yes,"Mathway, Photomath, Symbolab, Wolfram Alpha, Socratic",1,1,1,1,1,,,,,,,,"Mathway, Symbolab, Wolfram Alpha",1,,1,1,,,,,,,,,1-10 times per month,More than a year,"Arithmetic, Algebra, Trigonometry, Numerical Methods, Derivatives, Integrals, Differential Equations",1,1,1,1,1,1,1, ,Manual calculation with the aid of AI-powered calculator,Analyze first and try to solve it on my own.,Yes,Yes,4,5,5,3,5,1,1
Yes,"Mathway, Photomath, Wolfram Alpha",1,1,,1,,,,,,,,,"Mathway, Photomath, Wolfram Alpha",1,1,,1,,,,,,,,,1-10 times per month,6 months - 1 year,"Arithmetic, Algebra, Trigonometry, Numerical Methods, Derivatives, Integrals",1,1,1,1,1,1, , ,Manual calculation with the aid of AI-powered calculator,Use an AI-powered calculator and first understand the given solution.,Yes,Yes,5,5,3,3,3,4,3
Yes,"Mathway, Photomath, Symbolab",1,1,1,,,,,,,,,,"Mathway, Photomath",1,1,,,,,,,,,,,1-10 times per month,6 months - 1 year,"Arithmetic, Algebra, Trigonometry, Derivatives",1,1,1, ,1, , , ,Manual calculation with the aid of AI-powered calculator,Use an AI-powered calculator and first understand the given solution.,Yes,Yes,3,4,4,4,4,3,2
Yes,Mathway,1,,,,,,,,,,,,Mathway,1,,,,,,,,,,,,1-10 times per month,Less than 6 months,"Derivatives, Differential Equations", , , , ,1, ,1, ,Manual calculation with the aid of AI-powered calculator,Use an AI-powered calculator and first understand the given solution.,Yes,Yes,3,4,4,2,4,2,2
Yes,"Mathway, Photomath, Symbolab",1,1,1,,,,,,,,,,"Mathway, Photomath",1,1,,,,,,,,,,,1-5 times a week,More than a year,Trigonometry, , ,1, , , , , ,Manual calculation with the aid of AI-powered calculator,Analyze first and try to solve it on my own.,Yes,Yes,3,3,4,3,4,3,3
Yes,"Mathway, Photomath",1,1,,,,,,,,,,,Photomath,,1,,,,,,,,,,,1-10 times per month,More than a year,"Algebra, Derivatives, Integrals", ,1, , ,1,1, , ,Manual calculation with the aid of AI-powered calculator,Analyze first and try to solve it on my own.,Yes,Yes,3,4,5,3,3,2,3
Yes,"Mathway, Photomath, Symbolab",1,1,1,,,,,,,,,,"Photomath, Symbolab",,1,1,,,,,,,,,,1-5 times a week,6 months - 1 year,"Trigonometry, Derivatives", , ,1, ,1, , , ,Pure manual calculation,Analyze first and try to solve it on my own.,Yes,Yes,4,5,5,1,5,2,3
Yes,"Mathway, Photomath, Symbolab",1,1,1,,,,,,,,,,Mathway,1,,,,,,,,,,,,1-10 times per month,More than a year,"Derivatives, Integrals, Differential Equations", , , , ,1,1,1, ,Manual calculation with the aid of AI-powered calculator,Use an AI-powered calculator and first understand the given solution.,Yes,Yes,4,4,4,2,4,1,1
Yes,"Mathway, Photomath, Symbolab",1,1,1,,,,,,,,,,Mathway,1,,,,,,,,,,,,1-10 times per month,More than a year,"Derivatives, Integrals", , , , ,1,1, , ,Pure manual calculation,Use an AI-powered calculator and first understand the given solution.,Yes,Yes,3,4,2,4,2,3,5
Yes,"Mathway, Symbolab, Integral Calculator",1,,1,,,,,,,,,1,"Mathway, Symbolab",1,,1,,,,,,,,,,1-5 times a week,6 months - 1 year,"Derivatives, Integrals, Differential Equations", , , , ,1,1,1, ,Manual calculation with the aid of AI-powered calculator,Analyze first and try to solve it on my own.,Yes,Yes,3,4,4,2,4,2,2
Yes,Mathway,1,,,,,,,,,,,,Mathway,1,,,,,,,,,,,,1-10 times per month,Less than 6 months,"Derivatives, Integrals", , , , ,1,1, , ,Pure manual calculation,Use an AI-powered calculator and first understand the given solution.,Yes,Yes,2,4,3,3,4,3,2
Yes,"Mathway, Photomath",1,1,,,,,,,,,,,"Mathway, Photomath",1,1,,,,,,,,,,,1-5 times a week,More than a year,"Trigonometry, Integrals, Differential Equations", , ,1, , ,1,1, ,Manual calculation with the aid of AI-powered calculator,Use an AI-powered calculator and first understand the given solution.,Yes,Yes,3,4,4,2,4,1,1
Yes,"Mathway, Photomath",1,1,,,,,,,,,,,"Mathway, Photomath",1,1,,,,,,,,,,,1-10 times per month,6 months - 1 year,Arithmetic,1, , , , , , , ,Manual calculation with the aid of AI-powered calculator,Analyze first and try to solve it on my own.,Yes,Yes,2,3,4,3,3,4,3
Yes,Photomath,,1,,,,,,,,,,,Photomath,,1,,,,,,,,,,,1-10 times per month,More than a year,"Algebra, Trigonometry, Derivatives", ,1,1, ,1, , , ,Manual calculation with the aid of AI-powered calculator,Analyze first and try to solve it on my own.,Yes,Yes,3,3,5,3,3,4,4
Yes,"Mathway, Photomath",1,1,,,,,,,,,,,"Mathway, Photomath",1,1,,,,,,,,,,,1-10 times per month,Less than 6 months,"Derivatives, Integrals, Differential Equations", , , , ,1,1,1, ,Manual calculation with the aid of AI-powered calculator,Use an AI-powered calculator and first understand the given solution.,Yes,Yes,4,5,5,1,4,1,1
Yes,"Mathway, Symbolab, Wolfram Alpha",1,,1,1,,,,,,,,,"Mathway, Symbolab",1,,1,,,,,,,,,,1-5 times a week,More than a year,"Trigonometry, Integrals, Differential Equations", , ,1, , ,1,1, ,Manual calculation with the aid of AI-powered calculator,Analyze first and try to solve it on my own.,Yes,Yes,5,4,4,3,5,2,3
Yes,"Mathway, Photomath, Symbolab",1,1,1,,,,,,,,,,Photomath,,1,,,,,,,,,,,1-10 times per month,6 months - 1 year,"Derivatives, Integrals, Differential Equations", , , , ,1,1,1, ,Pure manual calculation,Analyze first and try to solve it on my own.,Yes,Yes,3,3,4,2,3,4,5
Yes,"Mathway, Photomath",1,1,,,,,,,,,,,"Symbolab, Photomath",,1,1,,,,,,,,,,1-5 times a week,More than a year,"Derivatives, Integrals, Differential Equations", , , , ,1,1,1, ,Manual calculation with the aid of AI-powered calculator,Use an AI-powered calculator and first understand the given solution.,Yes,Yes,4,5,3,2,3,3,4
Yes,"Mathway, Symbolab, Integral Calculator",1,,1,,,,,,,,,1,Mathway,1,,,,,,,,,,,,1-5 times a week,6 months - 1 year,"Trigonometry, Derivatives", , ,1, ,1, , , ,Pure manual calculation,Analyze first and try to solve it on my own.,Yes,Yes,4,4,5,1,5,2,5
,,220,225,155,51,28,7,15,10,26,5,12,6,,165,161,104,20,11,6,4,2,15,1,13,3,,,,70,127,124,24,163,161,100,12,,,,,,,,,,,